-- phpMyAdmin SQL Dump
-- version 5.2.0
-- https://www.phpmyadmin.net/
--
-- Host: 127.0.0.1
-- Generation Time: Feb 13, 2025 at 07:42 AM
-- Server version: 10.4.24-MariaDB
-- PHP Version: 8.1.6

SET SQL_MODE = "NO_AUTO_VALUE_ON_ZERO";
START TRANSACTION;
SET time_zone = "+00:00";


/*!40101 SET @OLD_CHARACTER_SET_CLIENT=@@CHARACTER_SET_CLIENT */;
/*!40101 SET @OLD_CHARACTER_SET_RESULTS=@@CHARACTER_SET_RESULTS */;
/*!40101 SET @OLD_COLLATION_CONNECTION=@@COLLATION_CONNECTION */;
/*!40101 SET NAMES utf8mb4 */;

--
-- Database: `quiz_app`
--

-- --------------------------------------------------------

--
-- Table structure for table `categories`
--

CREATE TABLE `categories` (
  `id` int(11) NOT NULL,
  `name` varchar(100) NOT NULL
) ENGINE=InnoDB DEFAULT CHARSET=utf8mb4;

--
-- Dumping data for table `categories`
--

INSERT INTO `categories` (`id`, `name`) VALUES
(1, 'C'),
(2, 'HTML'),
(3, 'PHP'),
(4, 'Python'),
(5, 'Java');

-- --------------------------------------------------------

--
-- Table structure for table `levels`
--

CREATE TABLE `levels` (
  `id` int(11) NOT NULL,
  `name` varchar(100) NOT NULL
) ENGINE=InnoDB DEFAULT CHARSET=utf8mb4;

--
-- Dumping data for table `levels`
--

INSERT INTO `levels` (`id`, `name`) VALUES
(1, 'Easy'),
(2, 'Medium'),
(3, 'Hard');

-- --------------------------------------------------------

--
-- Table structure for table `questions`
--

CREATE TABLE `questions` (
  `id` int(11) NOT NULL,
  `category_id` int(11) DEFAULT NULL,
  `level_id` int(11) DEFAULT NULL,
  `question_text` text DEFAULT NULL,
  `option_1` varchar(255) DEFAULT NULL,
  `option_2` varchar(255) DEFAULT NULL,
  `option_3` varchar(255) DEFAULT NULL,
  `option_4` varchar(255) DEFAULT NULL,
  `correct_answer` int(11) DEFAULT NULL
) ENGINE=InnoDB DEFAULT CHARSET=utf8mb4;

--
-- Dumping data for table `questions`
--

INSERT INTO `questions` (`id`, `category_id`, `level_id`, `question_text`, `option_1`, `option_2`, `option_3`, `option_4`, `correct_answer`) VALUES
(1, 1, 1, 'What is the size of int in C?', '2 bytes', '4 bytes', '8 bytes', '16 bytes', 2),
(2, 1, 1, 'Which of the following is the correct syntax for declaring a pointer in C?', 'int* ptr;', 'ptr int*;', 'pointer int;', 'int ptr*;', 1),
(3, 1, 1, 'What does the %d format specifier do in C?', 'Prints floating-point numbers', 'Prints integers', 'Prints characters', 'Prints strings', 2),
(4, 1, 1, 'Which of the following is used for memory allocation in C?', 'malloc()', 'alloc()', 'mallocmem()', 'calloc()', 1),
(5, 1, 1, 'Which function is used to free memory in C?', 'release()', 'free()', 'deallocate()', 'delete()', 2),
(6, 1, 1, 'What is the default value of an uninitialized local variable in C?', '0', 'null', 'garbage value', 'undefined', 3),
(7, 1, 1, 'Which of the following is the correct way to write a multi-line comment in C?', '/* This is a comment */', '/// This is a comment', '# This is a comment', '<!-- This is a comment -->', 1),
(8, 1, 1, 'What does the sizeof operator do in C?', 'Returns the address of a variable', 'Returns the size of a variable or data type', 'Returns the data type of a variable', 'Returns the value of a variable', 2),
(9, 1, 1, 'Which operator is used to access members of a structure in C?', '->', '.', '&', '*', 2),
(10, 1, 1, 'Which of the following is not a valid data type in C?', 'bool', 'float', 'char', 'double', 1),
(11, 1, 1, 'What does the following code print? printf(\"%d\", sizeof(int));', '4', '8', '2', '16', 1),
(12, 1, 1, 'Which of the following is used for dynamic memory allocation in C?', 'malloc()', 'calloc()', 'realloc()', 'all of the above', 4),
(13, 1, 1, 'Which of these operators is used for increment in C?', '++', '--', '+=', '==', 1),
(14, 1, 1, 'Which of the following is a valid loop in C?', 'for', 'while', 'do-while', 'all of the above', 4),
(15, 1, 1, 'In C, what is the size of a pointer?', '4 bytes', '8 bytes', '2 bytes', 'depends on the system architecture', 4),
(16, 1, 1, 'Which of the following is the correct syntax for an if statement in C?', 'if (condition) {}', 'if condition {}', 'if condition then {}', 'if {} else {}', 1),
(17, 1, 1, 'In C, which of these keywords is used to define a constant variable?', 'const', 'define', 'static', 'constant', 1),
(18, 1, 1, 'Which of the following is not a valid loop control statement in C?', 'break', 'continue', 'exit', 'goto', 3),
(19, 1, 1, 'What is the purpose of the return statement in C?', 'Exit the program', 'Return a value from a function', 'Stop the loop', 'Print a value', 2),
(20, 1, 1, 'What is the maximum size of an array in C?', 'Depends on the system architecture', 'Depends on the compiler', '4096', 'No maximum size', 1),
(21, 1, 1, 'Which of the following is the correct syntax for a function in C?', 'void function_name() {}', 'function_name(void) {}', 'function void name() {}', 'void {} function_name()', 1),
(22, 1, 1, 'Which function is used to read input from the user in C?', 'scanf()', 'input()', 'get()', 'read()', 1),
(23, 1, 1, 'What does the NULL pointer in C represent?', 'Uninitialized pointer', 'A pointer that points to nothing', 'Pointer pointing to memory address 0', 'Both B and C', 4),
(24, 1, 1, 'Which of the following is true about the C language?', 'C is a high-level language', 'C is a middle-level language', 'C is a low-level language', 'C is an object-oriented language', 2),
(25, 1, 1, 'What is the output of the following code? printf(\"%d\", 5/2);', '2', '2.5', '2.0', '1', 1),
(26, 1, 1, 'Which of the following is used to define a macro in C?', '#define', 'const', 'static', 'macro', 1),
(27, 1, 1, 'Which function is used to concatenate two strings in C?', 'concat()', 'strcat()', 'append()', 'join()', 2),
(28, 1, 1, 'What is the correct syntax for defining a structure in C?', 'struct { member1; member2; }', 'struct name { member1; member2; };', 'structure name { member1; member2; }', 'struct name member1; member2;', 2),
(29, 1, 1, 'Which operator is used for pointer dereferencing in C?', '&', '*', '->', '::', 2),
(30, 1, 1, 'Which function is used to compare two strings in C?', 'strcmp()', 'strcomp()', 'compare()', 'strcmp_equal()', 1),
(31, 1, 1, 'Which of the following operators is used to access a member of a structure using a pointer in C?', '->', '.', '=', '+', 1),
(32, 1, 1, 'What is the correct syntax for a switch statement in C?', 'switch (expression) { case value: break; }', 'switch { expression case value: }', 'switch case (expression) { value: break; }', 'switch expression { value case: break; }', 1),
(33, 1, 1, 'What is the size of a float data type in C?', '2 bytes', '4 bytes', '8 bytes', '16 bytes', 2),
(34, 1, 1, 'Which of the following is an escape character in C?', '\\n', '\\t', '\\b', 'all of the above', 4),
(35, 1, 1, 'What does the %s format specifier do in C?', 'Prints integers', 'Prints strings', 'Prints characters', 'Prints floating-point numbers', 2),
(36, 1, 1, 'Which of the following is the correct way to declare an array of 10 integers in C?', 'int arr[10];', 'arr(10) int;', 'int arr = [10];', 'array[10] int;', 1),
(37, 1, 1, 'What is the purpose of the break statement in a loop in C?', 'Exit the loop', 'Skip the current iteration', 'Continue to the next loop', 'Terminate the program', 1),
(38, 1, 1, 'What does the return type void indicate in a function in C?', 'The function returns an integer', 'The function returns nothing', 'The function returns a string', 'The function returns an object', 2),
(39, 1, 1, 'Which function is used to calculate the length of a string in C?', 'strlen()', 'strlength()', 'length()', 'strsize()', 1),
(40, 1, 1, 'Which keyword is used to create a new type in C?', 'typedef', 'struct', 'new', 'type', 1),
(41, 1, 1, 'What is the output of the following code? printf(\"%d\", 7%2);', '3', '1', '0', '7', 2),
(42, 1, 1, 'Which of the following is the correct syntax for a for loop in C?', 'for (int i = 0; i < 5; i++) {}', 'for (int i 0; i < 5; ++i) {}', 'for (i = 0; i <= 5; i++) {}', 'for (int i; i < 5; i++) {}', 1),
(43, 1, 1, 'Which function is used to convert a string to an integer in C?', 'atoi()', 'strtoi()', 'convert()', 'str2int()', 1),
(44, 1, 1, 'What is the use of the continue statement in C?', 'Exit the loop', 'Exit the function', 'Skip the current iteration of the loop', 'Terminate the program', 3),
(45, 1, 1, 'Which of these statements is correct in C?', 'Function names can start with a number', 'Variables cannot start with a number', 'Strings can be used as variable names', 'Variables cannot contain underscores', 2),
(46, 1, 1, 'What is the maximum value of a signed integer in C?', '32767', '65535', '2147483647', '4294967295', 3),
(47, 1, 1, 'Which header file is required for input/output operations in C?', 'stdio.h', 'stdlib.h', 'math.h', 'conio.h', 1),
(48, 1, 1, 'Which function is used to compare two integers in C?', 'cmp()', 'compare()', 'strncmp()', 'strcmp()', 2),
(49, 1, 1, 'Which of the following is used to define a constant array in C?', 'const int arr[10];', 'const int arr[];', 'int arr[] = const;', 'int const arr[10];', 1),
(50, 1, 1, 'What is the default return value of a function in C if not explicitly specified?', '1', '0', 'NULL', 'undefined', 2),
(51, 1, 1, 'Which of the following is the correct declaration of a structure in C?', 'struct person { char name[20]; int age; };', 'struct { char name[20]; int age; } person;', 'struct person name[20];', 'structure person { char name[20]; int age; }', 1),
(52, 1, 1, 'What does the sizeof operator return when applied to a pointer in C?', 'The size of the pointer variable', 'The size of the data the pointer points to', 'The memory address of the pointer', 'The number of bytes allocated by the pointer', 1),
(53, 1, 1, 'What is the output of the following code? printf(\"%d\", 3 + 4 * 2);', '11', '14', '7', '10', 1),
(54, 1, 1, 'Which of the following is used to define a variable that cannot be modified in C?', 'const', 'immutable', 'static', 'final', 1),
(55, 1, 1, 'What is the scope of a variable defined inside a function in C?', 'Global', 'Local', 'Global and Local', 'Undefined', 2),
(56, 1, 2, 'What is the output of printf(\"%d\", 5/2) in C?', '2', '2.5', '3', 'Error', 1),
(57, 1, 2, 'What will the following code output? printf(\"%d\", 10%3);', '1', '2', '0', 'Error', 1),
(58, 1, 2, 'What is the result of the following code? int x = 10; x = x++ + ++x;', '21', '20', '19', 'Error', 2),
(59, 1, 2, 'What does the following code print? printf(\"%d\", 2 * 3 + 4 / 2);', '8', '10', '7', '6', 3),
(60, 1, 2, 'What is the correct way to define a pointer in C?', 'int *ptr;', 'ptr int;', 'int ptr;', 'pointer int;', 1),
(61, 1, 2, 'What does the following code do? int arr[5] = {1, 2, 3, 4, 5}; printf(\"%d\", arr[2]);', '1', '2', '3', '4', 3),
(62, 1, 2, 'Which of the following is the correct syntax for a function declaration in C?', 'void function_name(){}', 'int function_name(){}', 'function_name() {}', 'void function_name;', 2),
(63, 1, 2, 'What is the purpose of the return statement in C?', 'Exit the loop', 'Return a value from a function', 'Exit the program', 'Print a value', 2),
(64, 1, 2, 'What does the following code print? printf(\"%d\", sizeof(\"Hello\"));', '5', '6', '7', '11', 2),
(65, 1, 2, 'What is the result of the following expression? 2 * 3 + 4 / 2 - 1;', '7', '8', '6', '9', 1),
(66, 1, 2, 'What is the size of a pointer on a 64-bit system in C?', '2 bytes', '4 bytes', '8 bytes', '16 bytes', 3),
(67, 1, 2, 'What is the purpose of the `void` keyword in function declaration?', 'Indicates no return type', 'Indicates no parameters', 'Indicates a function that returns a pointer', 'Indicates a constant value', 2),
(68, 1, 2, 'What will happen if a program tries to dereference a NULL pointer in C?', 'Nothing happens', 'Segmentation fault', 'The program continues', 'Program crashes immediately', 2),
(69, 1, 2, 'Which of the following statements about the `sizeof` operator in C is true?', 'It can only be used with data types', 'It returns the memory address of a variable', 'It returns the number of bytes of a variable or data type', 'It calculates the total size of an array', 3),
(70, 1, 2, 'Which of the following is a valid function pointer declaration in C?', 'int (*ptr)();', 'void ptr();', 'int ptr();', 'int (*ptr)(){};', 1),
(71, 1, 2, 'What is the default value of an uninitialized static variable in C?', '0', 'undefined', 'garbage value', 'null', 1),
(72, 1, 2, 'What will be the result of the following code? printf(\"%d\", 3+2*5);', '13', '15', '10', '7', 1),
(73, 1, 2, 'Which of the following is used to dynamically allocate memory in C?', 'malloc()', 'calloc()', 'realloc()', 'All of the above', 4),
(74, 1, 2, 'What will happen when a function is called recursively in C without a base case?', 'Stack overflow', 'Infinite loop', 'Compilation error', 'Runtime error', 1),
(75, 1, 2, 'What is the correct syntax for declaring an array of 10 integers in C?', 'int arr[10];', 'int arr[10] = {};', 'array[10] int;', 'int arr();', 1),
(76, 1, 2, 'What will be the output of the following code? printf(\"%d\", (1 + 2) * 3);', '9', '6', '12', '5', 1),
(77, 1, 2, 'Which of the following is used to define a structure in C?', 'struct { int x; };', 'struct x { int x; };', 'structure { int x; };', 'structure x { int x; };', 2),
(78, 1, 2, 'What is the size of a double data type in C?', '2 bytes', '4 bytes', '8 bytes', '16 bytes', 3),
(79, 1, 2, 'Which of the following operators is used for dereferencing a pointer in C?', '&', '*', '->', '::', 2),
(80, 1, 2, 'What does the following code print? printf(\"%s\", \"Hello World\");', 'Hello World', 'Hello', 'World', 'Error', 1),
(81, 1, 2, 'What will happen if a variable is declared as `static` in C?', 'It will be available only within the function', 'It will retain its value between function calls', 'It will be initialized to zero', 'It will have a global scope', 2),
(82, 1, 2, 'What is the correct syntax for a `for` loop in C?', 'for (i = 0; i < 5; i++) {}', 'for (i 0; i < 5; ++i) {}', 'for i = 0; i < 5; i++ {}', 'for (i = 0; i < 5) {}', 1),
(83, 1, 2, 'Which function is used to concatenate two strings in C?', 'strcat()', 'strconcat()', 'concatenate()', 'append()', 1),
(84, 1, 2, 'What is the difference between `==` and `=` in C?', '`==` is used for assignment, `=` is used for comparison', '`==` is used for comparison, `=` is used for assignment', 'Both are used for assignment', 'Both are used for comparison', 2),
(85, 1, 2, 'Which of the following is used to compare two strings in C?', 'strcmp()', 'strcomp()', 'compare()', 'strcmp_equal()', 1),
(86, 1, 2, 'What is the output of the following code? printf(\"%d\", sizeof(\"Hello\"));', '5', '6', '7', '10', 2),
(87, 1, 2, 'Which of the following is not a valid data type in C?', 'boolean', 'int', 'char', 'double', 1),
(88, 1, 2, 'Which function is used to get the length of a string in C?', 'strlen()', 'strlength()', 'stringlen()', 'strsize()', 1),
(89, 1, 2, 'What will be the output of the following code? int x = 5; x += 2; printf(\"%d\", x);', '5', '7', '6', 'Error', 2),
(90, 1, 2, 'Which of the following statements about the `continue` statement in C is true?', 'It terminates the current loop iteration and continues with the next iteration', 'It stops the program immediately', 'It exits the loop without continuing', 'It moves the loop to the next iteration and exits the program', 1),
(91, 1, 2, 'What will be the result of the following code? int x = 3; printf(\"%d\", x++);', '3', '4', '5', 'Error', 1),
(92, 1, 2, 'What is the correct syntax for a `while` loop in C?', 'while (condition) {}', 'while {} condition', 'while ({});', 'while condition {}', 1),
(93, 1, 2, 'What is the output of the following code? printf(\"%d\", 10 / 2 * 3);', '15', '10', '20', '30', 1),
(94, 1, 2, 'What is the use of the `break` statement in C?', 'Exit the loop or switch statement', 'Skip the current loop iteration', 'Terminate the program', 'Exit the current function', 1),
(95, 1, 2, 'What does the `sizeof` operator do in C?', 'Returns the address of a variable', 'Returns the number of elements in an array', 'Returns the size in bytes of a variable or data type', 'Returns the type of a variable', 3),
(96, 1, 2, 'Which of the following functions is used to allocate memory dynamically in C?', 'malloc()', 'alloc()', 'new()', 'calloc()', 1),
(97, 1, 2, 'Which of the following is true about a pointer in C?', 'A pointer stores the address of a variable', 'A pointer stores the value of a variable', 'A pointer is a data type', 'A pointer can hold multiple values', 1),
(98, 1, 2, 'What is the correct syntax for declaring a structure in C?', 'struct { int a; char b; };', 'structure { int a; char b; };', 'struct a { int a; char b; };', 'struct { a; b; }', 1),
(99, 1, 2, 'What will be the output of the following code? printf(\"%d\", 3 == 3);', '1', '0', 'Error', 'True', 1),
(100, 1, 2, 'Which of the following is true about a `static` variable in C?', 'Its value persists between function calls', 'It cannot be modified once initialized', 'It is local to the function only', 'It is automatically initialized to zero', 1),
(101, 1, 2, 'What is the result of the following code? int x = 5; printf(\"%d\", ++x);', '6', '5', '7', 'Error', 1),
(102, 1, 2, 'What does the `strcpy()` function do in C?', 'Copies a string to another string', 'Concatenates two strings', 'Compares two strings', 'Returns the length of a string', 1),
(103, 1, 2, 'Which of the following will allocate memory dynamically for an integer in C?', 'int *ptr = malloc(sizeof(int));', 'int *ptr = calloc(sizeof(int));', 'int ptr = malloc(int);', 'int ptr[10];', 1),
(104, 1, 2, 'Which of the following is the correct way to pass an array to a function in C?', 'function_name(arr);', 'function_name(&arr);', 'function_name(arr[]);', 'function_name(*arr);', 1),
(105, 1, 3, 'Which header file is required for dynamic memory allocation in C?', 'stdlib.h', 'malloc.h', 'stdio.h', 'string.h', 1),
(106, 1, 3, 'What is the output of the following code: printf(\"%d\", 5 + 5);', '10', '5', '55', '0', 1),
(107, 1, 3, 'Which of the following is not a valid data type in C?', 'boolean', 'char', 'int', 'float', 1),
(108, 1, 3, 'Which operator is used to allocate memory dynamically in C?', 'malloc()', 'calloc()', 'realloc()', 'all of the above', 4),
(109, 1, 3, 'What is the size of an int in C?', '2 bytes', '4 bytes', '8 bytes', '1 byte', 2),
(110, 1, 3, 'What does the break statement do in a loop?', 'Exits the loop', 'Skips the current iteration', 'Jumps to the next loop', 'Restarts the loop', 1),
(111, 1, 3, 'Which of the following is the correct syntax to declare a pointer in C?', 'int *ptr;', 'int ptr*;', 'ptr *int;', 'int ptr[];', 1),
(112, 1, 3, 'What is the purpose of the sizeof operator in C?', 'Returns the size of a variable in bytes', 'Returns the memory address of a variable', 'Allocates memory for a variable', 'Returns the type of the variable', 1),
(113, 1, 3, 'What is the output of the following code: printf(\"%d\", 4 / 5);', '0', '1', '0.8', 'Undefined', 1),
(114, 1, 3, 'Which function is used to read a string in C?', 'scanf()', 'fgets()', 'gets()', 'all of the above', 2),
(115, 1, 3, 'Which of the following is not a valid function in C?', 'print()', 'scanf()', 'printf()', 'gets()', 1),
(116, 1, 3, 'What is a null pointer in C?', 'Pointer with a value of 0', 'Pointer pointing to some variable', 'Uninitialized pointer', 'Pointer pointing to memory location 1', 1),
(117, 1, 3, 'Which of the following is a valid C loop?', 'for', 'while', 'do-while', 'All of the above', 4),
(118, 1, 3, 'What does the keyword static do in C?', 'Limits the scope of a variable to a function', 'Declares a constant', 'Allocates memory dynamically', 'Makes a function public', 1),
(119, 1, 3, 'Which operator is used for pointer arithmetic?', '->', '&', '*', '.', 3),
(120, 1, 3, 'What is the correct syntax for a switch case in C?', 'switch(expression) { case 1: break; }', 'case switch(expression) { 1: break; }', 'switch { case 1: break; }', 'case {switch(expression): break;}', 1),
(121, 1, 3, 'What is the use of the strcpy() function in C?', 'Copies one string to another', 'Concatenates two strings', 'Compares two strings', 'Counts the length of a string', 1),
(122, 1, 3, 'How do you declare a function that takes an integer and returns a float?', 'float function(int);', 'int function(float);', 'void function(int);', 'function(int) float;', 1),
(123, 1, 3, 'What is the output of the following code: printf(\"%d\", 10 % 3);', '1', '2', '3', '0', 1),
(124, 1, 3, 'Which of the following functions are used for memory allocation in C?', 'malloc()', 'calloc()', 'free()', 'all of the above', 4),
(125, 1, 3, 'Which of the following is a feature of C language?', 'Low-level programming language', 'Structured programming language', 'Object-oriented programming language', 'Machine-level programming language', 2),
(126, 1, 3, 'Which function is used to terminate a C program?', 'exit()', 'terminate()', 'break()', 'stop()', 1),
(127, 1, 3, 'Which of the following is correct about the C programming language?', 'It is case-sensitive', 'It is not case-sensitive', 'It does not support functions', 'It supports only basic data types', 1),
(128, 1, 3, 'What does the function strcmp() do in C?', 'Compares two strings', 'Concatenates two strings', 'Copies one string to another', 'Counts the length of a string', 1),
(129, 1, 3, 'What is the purpose of the continue statement in a loop?', 'Skip the current iteration and move to the next one', 'Exit the loop', 'Exit the program', 'Restart the loop', 1),
(130, 1, 3, 'What is the default value of an uninitialized static variable in C?', '0', 'Null', 'Undefined', 'Garbage value', 1),
(131, 1, 3, 'Which of the following is used for multi-line comments in C?', '//', '/*...*/', '...', '#', 2),
(132, 1, 3, 'Which function is used to return the current time in C?', 'time()', 'clock()', 'date()', 'gettimeofday()', 1),
(133, 1, 3, 'What is a structure in C?', 'A collection of different data types', 'A collection of similar data types', 'A special type of array', 'A collection of functions', 1),
(134, 1, 3, 'Which function is used to allocate a block of memory in C?', 'malloc()', 'calloc()', 'realloc()', 'alloc()', 1),
(135, 1, 3, 'What is the correct way to define a constant in C?', 'const int x = 10;', 'int const x = 10;', 'define x 10;', 'x = 10;', 1),
(136, 1, 3, 'What does the sizeof operator return?', 'The size of a variable in bytes', 'The memory address of a variable', 'The number of elements in an array', 'The data type of a variable', 1),
(137, 1, 3, 'Which of the following is correct about the C function call mechanism?', 'Arguments are passed by value by default', 'Arguments are passed by reference by default', 'Arguments are passed by reference in all cases', 'None of the above', 1),
(138, 1, 3, 'Which of the following is used to stop a program in C?', 'exit(0)', 'terminate()', 'break', 'stop()', 1),
(139, 1, 3, 'What will be the result of the following code: printf(\"%d\", sizeof(\"Hello\"));', '5', '6', '4', '7', 2),
(140, 1, 3, 'Which of the following is a valid way to define a string in C?', 'char str[] = \"Hello\";', 'char str = \"Hello\";', 'char str = { \"Hello\" };', 'char str[10] = \"Hello\";', 1),
(141, 1, 3, 'How do you define an array in C?', 'int arr[10];', 'array int[10];', 'int arr(10);', 'array int(10);', 1),
(142, 1, 3, 'What does the strlen() function do in C?', 'Returns the length of a string', 'Returns the size of a string in memory', 'Concatenates two strings', 'Finds the occurrence of a character in a string', 1),
(143, 1, 3, 'Which of the following operators is used to access a member of a structure through a pointer?', '->', '.', '&', '*', 1),
(144, 1, 3, 'What is the output of the following code: printf(\"%d\", 10 & 3);', '2', '1', '0', '3', 1),
(145, 1, 3, 'What is a recursive function in C?', 'A function that calls itself', 'A function that calls another function', 'A function that is called once', 'A function that is part of a loop', 1),
(146, 1, 3, 'What is the purpose of the return statement in C?', 'Exits the current function and returns a value', 'Prints a value', 'Exits the program', 'Continues the loop', 1),
(147, 1, 3, 'Which of the following is the correct syntax to define a function that returns a pointer to an int?', 'int* function();', 'int function*();', 'pointer int function();', 'int function[];', 1),
(148, 1, 3, 'Which of the following is not a valid C statement?', 'int = 5;', 'int x = 5;', 'x = 5;', 'return 5;', 1),
(149, 1, 3, 'Which of the following header files is used for input/output operations in C?', 'stdio.h', 'stdlib.h', 'string.h', 'math.h', 1),
(150, 1, 3, 'What does the realloc() function do in C?', 'Changes the size of dynamically allocated memory', 'Releases the memory', 'Allocates new memory', 'Returns the memory address', 1),
(151, 1, 3, 'What is the correct syntax for a for loop in C?', 'for(initialization; condition; increment)', 'for(initialization, condition, increment)', 'for(initialization; increment; condition)', 'for(initialization; condition)', 1),
(152, 1, 3, 'What is the result of the expression 10 >> 2 in C?', '2', '4', '5', '1', 1),
(153, 1, 3, 'What is the output of the following code: printf(\"%d\", 4 * 2);', '8', '6', '4', '2', 1),
(154, 1, 3, 'Which function is used to remove a file in C?', 'remove()', 'delete()', 'unlink()', 'free()', 1),
(155, 1, 3, 'Which of the following is not an access modifier in C?', 'private', 'public', 'protected', 'None of the above', 4),
(156, 1, 3, 'What is the output of the following code: printf(\"%d\", 5 + 10 * 2);', '25', '30', '15', '20', 1),
(157, 1, 3, 'What does the keyword extern do in C?', 'Declares a global variable', 'Declares a local variable', 'Declares a function prototype', 'Declares a constant variable', 1),
(158, 1, 3, 'What is the purpose of the malloc() function in C?', 'Allocates memory dynamically', 'Frees dynamically allocated memory', 'Reallocates memory dynamically', 'Returns the memory address', 1),
(159, 2, 1, 'What does HTML stand for?', 'Hyper Text Markup Language', 'Home Tool Markup Language', 'Hyperlinks and Text Markup Language', 'High Text Markup Language', 1),
(160, 2, 1, 'Which HTML tag is used to define an unordered list?', '<ol>', '<ul>', '<li>', '<dl>', 2),
(161, 2, 1, 'What does the <a> tag in HTML stand for?', 'Anchor', 'Array', 'Alert', 'Article', 1),
(162, 2, 1, 'What is the correct HTML element to define important text?', '<strong>', '<em>', '<i>', '<b>', 1),
(163, 2, 1, 'Which HTML attribute is used to define the background color of a page?', 'bgcolor', 'background', 'color', 'style', 1),
(164, 2, 1, 'How do you add a comment in HTML?', '<comment>Comment</comment>', '<!-- Comment -->', '// Comment', '/ Comment', 2),
(165, 2, 1, 'Which tag is used to define an input field in HTML?', '<input>', '<form>', '<textfield>', '<textarea>', 1),
(166, 2, 1, 'What is the correct syntax for embedding a JavaScript file in HTML?', '<script src=\"file.js\"></script>', '<js src=\"file.js\"></js>', '<javascript src=\"file.js\"></javascript>', '<script file=\"file.js\"></script>', 1),
(167, 2, 1, 'Which tag is used to create a table in HTML?', '<table>', '<td>', '<tr>', '<th>', 1),
(168, 2, 1, 'How can you make a list that is ordered in HTML?', '<ul>', '<li>', '<ol>', '<dl>', 3),
(169, 2, 1, 'Which tag is used to define a hyperlink in HTML?', '<link>', '<a>', '<href>', '<url>', 2),
(170, 2, 1, 'Which HTML tag is used to define the largest heading?', '<h1>', '<h6>', '<heading>', '<header>', 1),
(171, 2, 1, 'How do you create a hyperlink to another webpage in HTML?', '<a href=\"page.html\">Link</a>', '<link href=\"page.html\">Link</link>', '<a>page.html</a>', '<a src=\"page.html\">Link</a>', 1),
(172, 2, 1, 'Which tag is used to insert an image in HTML?', '<img>', '<image>', '<picture>', '<src>', 1),
(173, 2, 1, 'What is the purpose of the <div> tag in HTML?', 'Defines a division or section', 'Defines a table', 'Defines a header', 'Defines a paragraph', 1),
(174, 2, 1, 'Which tag is used to define a paragraph in HTML?', '<p>', '<text>', '<para>', '<h1>', 1),
(175, 2, 1, 'What is the correct HTML for inserting an audio file?', '<audio src=\"file.mp3\"></audio>', '<audio href=\"file.mp3\"></audio>', '<audio>file.mp3</audio>', '<audio file=\"file.mp3\"></audio>', 1),
(176, 2, 1, 'Which HTML attribute specifies an alternative text for an image, if the image cannot be displayed?', 'alt', 'title', 'src', 'description', 1),
(177, 2, 1, 'How do you create a table row in HTML?', '<tr>', '<td>', '<th>', '<table>', 1),
(178, 2, 1, 'Which HTML element is used to specify a footer in a webpage?', '<footer>', '<bottom>', '<section>', '<end>', 1),
(179, 2, 1, 'What tag is used to define a navigation block in HTML?', '<nav>', '<menu>', '<navigation>', '<link>', 1),
(180, 2, 1, 'Which HTML tag is used to define a list item?', '<li>', '<ul>', '<ol>', '<item>', 1),
(181, 2, 1, 'What does the <br> tag do in HTML?', 'Inserts a line break', 'Inserts a horizontal rule', 'Inserts a paragraph', 'Inserts an image', 1),
(182, 2, 1, 'Which attribute is used to specify the URL of a link in HTML?', 'href', 'src', 'alt', 'action', 1),
(183, 2, 1, 'Which tag is used to define a form in HTML?', '<form>', '<input>', '<textarea>', '<select>', 1),
(184, 2, 1, 'What is the correct HTML for making a checkbox?', '<input type=\"checkbox\">', '<checkbox>', '<input type=\"check\">', '<check type=\"checkbox\">', 1),
(185, 2, 1, 'Which HTML tag is used to define an ordered list?', '<ul>', '<ol>', '<list>', '<li>', 2),
(186, 2, 1, 'Which tag is used to define the title of a webpage in HTML?', '<title>', '<head>', '<meta>', '<name>', 1),
(187, 2, 1, 'Which HTML element is used to define a drop-down list?', '<select>', '<dropdown>', '<input>', '<list>', 1),
(188, 2, 1, 'How do you make text bold in HTML?', '<bold>', '<strong>', '<b>', '<em>', 3),
(189, 2, 1, 'What is the correct HTML for adding a background color to a webpage?', '<body bgcolor=\"yellow\">', '<background color=\"yellow\">', '<body style=\"background-color:yellow\">', '<body color=\"yellow\">', 3),
(190, 2, 1, 'Which tag is used to display a horizontal rule in HTML?', '<hr>', '<line>', '<rule>', '<hrule>', 1),
(191, 2, 1, 'Which tag is used to define a column group in an HTML table?', '<colgroup>', '<col>', '<rowgroup>', '<thead>', 1),
(192, 2, 1, 'How do you add a video to a webpage in HTML?', '<video src=\"movie.mp4\">', '<video href=\"movie.mp4\">', '<movie src=\"movie.mp4\">', '<video src=\"movie.mp4\" controls>', 4),
(193, 2, 1, 'Which HTML element is used to define a header in a webpage?', '<header>', '<head>', '<section>', '<top>', 1),
(194, 2, 1, 'What does the <iframe> tag do in HTML?', 'Defines an inline frame', 'Defines an image frame', 'Defines an audio frame', 'Defines a video frame', 1),
(195, 2, 1, 'How do you define a clickable button in HTML?', '<button>', '<input type=\"button\">', '<click>', '<btn>', 2),
(196, 2, 1, 'Which HTML tag is used to define a definition list?', '<dl>', '<ul>', '<ol>', '<list>', 1),
(197, 2, 1, 'What is the correct HTML for specifying a table heading?', '<th>', '<head>', '<header>', '<h1>', 1),
(198, 2, 1, 'Which tag is used to define a line break in HTML?', '<break>', '<br>', '<lb>', '<line>', 2),
(199, 2, 1, 'Which HTML element is used to define a container for navigation links?', '<nav>', '<menu>', '<navlist>', '<link>', 1),
(200, 2, 1, 'How do you create a drop-down list in HTML?', '<select>', '<list>', '<dropdown>', '<menu>', 1),
(201, 2, 1, 'Which HTML tag is used to define the main content of a webpage?', '<main>', '<content>', '<section>', '<body>', 1),
(202, 2, 1, 'What is the purpose of the <meta> tag in HTML?', 'Provides metadata about the webpage', 'Defines a navigation block', 'Defines a header for the page', 'Defines a footer for the page', 1),
(203, 2, 1, 'How do you include a CSS file in HTML?', '<link rel=\"stylesheet\" href=\"style.css\">', '<style src=\"style.css\">', '<script src=\"style.css\"></script>', '<css src=\"style.css\">', 1),
(204, 2, 1, 'Which HTML element is used to define a line break?', '<break>', '<br>', '<hr>', '<p>', 2),
(205, 2, 1, 'Which tag is used to display text in a smaller size in HTML?', '<small>', '<tiny>', '<sub>', '<font size=\"small\">', 1),
(206, 2, 1, 'Which tag is used to define a navigation block in HTML?', '<nav>', '<menu>', '<navigation>', '<link>', 1),
(207, 2, 1, 'Which tag is used to insert a comment in HTML?', '<comment>', '<!-- comment -->', '<// comment>', '<comment> comment </comment>', 2),
(208, 2, 1, 'What does the <link> tag do in HTML?', 'Defines relationships between documents', 'Links to another webpage', 'Defines metadata', 'Defines an image source', 1),
(209, 2, 1, 'How do you specify a description for an image in HTML?', 'alt', 'desc', 'title', 'caption', 1),
(210, 2, 1, 'Which tag is used to display a horizontal rule in HTML?', '<hr>', '<line>', '<rule>', '<horizontal>', 1),
(211, 2, 1, 'Which tag is used to define a section in HTML?', '<section>', '<div>', '<article>', '<part>', 1),
(212, 2, 2, 'Which of the following is used to link a CSS file in HTML?', '<link>', '<script>', '<style>', '<head>', 1),
(213, 2, 2, 'What does the <meta> tag do in HTML?', 'Provides metadata about the webpage', 'Links an external file', 'Defines a container for content', 'Defines a section header', 1),
(214, 2, 2, 'Which tag is used to define an unordered list in HTML?', '<ul>', '<ol>', '<li>', '<list>', 1),
(215, 2, 2, 'How do you create a table header in HTML?', '<thead>', '<header>', '<th>', '<h1>', 3),
(216, 2, 2, 'Which HTML tag is used to define a container for navigation links?', '<nav>', '<menu>', '<navigation>', '<link>', 1),
(217, 2, 2, 'Which attribute is used to define the URL of a link in the <a> tag?', 'href', 'src', 'alt', 'link', 1),
(218, 2, 2, 'Which tag is used to define the document’s title in HTML?', '<head>', '<meta>', '<title>', '<body>', 3),
(219, 2, 2, 'What does the <img> tag do in HTML?', 'Displays an image', 'Defines a paragraph', 'Defines a list item', 'Defines a hyperlink', 1),
(220, 2, 2, 'How do you make text bold in HTML?', '<strong>', '<b>', '<bold>', '<em>', 2),
(221, 2, 2, 'What is the correct HTML tag to insert a line break?', '<br>', '<break>', '<hr>', '<newline>', 1),
(222, 2, 2, 'Which tag is used to define a table row in HTML?', '<tr>', '<td>', '<th>', '<table>', 1),
(223, 2, 2, 'Which tag is used to define a definition term in HTML?', '<dt>', '<dl>', '<dd>', '<def>', 1),
(224, 2, 2, 'What attribute is used to specify the source of an image in HTML?', 'src', 'href', 'alt', 'path', 1),
(225, 2, 2, 'What is the correct HTML element to display an ordered list?', '<ol>', '<ul>', '<list>', '<li>', 1),
(226, 2, 2, 'How do you create a dropdown list in HTML?', '<select>', '<dropdown>', '<input>', '<form>', 1),
(227, 2, 2, 'Which of the following is used to define a clickable button in HTML?', '<button>', '<input>', '<a>', '<click>', 1),
(228, 2, 2, 'What tag is used to create a hyperlink in HTML?', '<a>', '<link>', '<href>', '<src>', 1),
(229, 2, 2, 'Which tag is used to define a paragraph in HTML?', '<p>', '<text>', '<para>', '<heading>', 1),
(230, 2, 2, 'What does the <hr> tag do in HTML?', 'Creates a horizontal rule', 'Creates a line break', 'Defines a table row', 'Defines an image', 1),
(231, 2, 2, 'What is the correct syntax for including an external JavaScript file in HTML?', '<script src=\"file.js\"></script>', '<javascript src=\"file.js\"></javascript>', '<js src=\"file.js\"></js>', '<script href=\"file.js\"></script>', 1),
(232, 2, 2, 'Which HTML tag is used to define the main content of a webpage?', '<main>', '<section>', '<header>', '<body>', 1),
(233, 2, 2, 'Which HTML tag is used to define a footer for a webpage?', '<footer>', '<bottom>', '<footer-tag>', '<end>', 1),
(234, 2, 2, 'What does the <link> tag do in HTML?', 'Defines relationships between documents', 'Links to an external resource', 'Defines metadata', 'Displays an image', 1),
(235, 2, 2, 'What is the correct syntax for embedding a YouTube video in HTML?', '<iframe src=\"url\"></iframe>', '<embed src=\"url\"></embed>', '<video src=\"url\"></video>', '<object src=\"url\"></object>', 1),
(236, 2, 2, 'Which tag is used to define a list item in HTML?', '<li>', '<ul>', '<ol>', '<list>', 1),
(237, 2, 2, 'How do you define a comment in HTML?', '<!-- Comment -->', '<comment> Comment </comment>', '// Comment', '<# Comment>', 1),
(238, 2, 2, 'What tag is used to display a horizontal line in HTML?', '<hr>', '<line>', '<rule>', '<horizontal>', 1),
(239, 2, 2, 'Which of the following tags is used to define an inline frame in HTML?', '<iframe>', '<frame>', '<object>', '<embed>', 1),
(240, 2, 2, 'How do you make an image clickable in HTML?', '<a href=\"url\"><img src=\"image.jpg\"></a>', '<img src=\"image.jpg\" href=\"url\">', '<a><img href=\"image.jpg\" src=\"url\"></a>', '<img href=\"url\" src=\"image.jpg\">', 1),
(241, 2, 2, 'Which tag is used to define a form in HTML?', '<form>', '<input>', '<textarea>', '<field>', 1),
(242, 2, 2, 'Which attribute is used to define an image’s alternative text in HTML?', 'alt', 'title', 'src', 'description', 1),
(243, 2, 2, 'What does the <strong> tag do in HTML?', 'Defines important text', 'Defines emphasized text', 'Defines bold text', 'Defines italic text', 1),
(244, 2, 2, 'Which tag is used to display text in a smaller font in HTML?', '<small>', '<font size=\"small\">', '<tiny>', '<sub>', 1),
(245, 2, 2, 'Which of the following is used to create a link to an email address in HTML?', '<a href=\"mailto:email@example.com\">', '<a href=\"email@example.com\">', '<email href=\"email@example.com\">', '<link href=\"mailto:email@example.com\">', 1),
(246, 2, 2, 'Which tag is used to create a checkbox input field in HTML?', '<input type=\"checkbox\">', '<checkbox>', '<input type=\"check\">', '<checkbox input> ', 1),
(247, 2, 2, 'How do you create a drop-down list in HTML?', '<select>', '<input>', '<form>', '<dropdown>', 1),
(248, 2, 2, 'What does the <em> tag do in HTML?', 'Defines emphasized text', 'Defines bold text', 'Defines important text', 'Defines italic text', 1),
(249, 2, 2, 'What is the correct way to define a section of a webpage in HTML?', '<section>', '<div>', '<article>', '<main>', 1),
(250, 2, 2, 'Which attribute is used to specify the size of a text input field in HTML?', 'size', 'length', 'width', 'height', 1),
(251, 2, 2, 'How do you link to another webpage in HTML?', '<a href=\"page.html\">Link</a>', '<link href=\"page.html\">Link</link>', '<url>page.html</url>', '<page href=\"page.html\">Link</page>', 1),
(252, 2, 2, 'What does the <code> tag do in HTML?', 'Displays code in a monospace font', 'Displays code in a larger font', 'Displays code in a colored box', 'Displays HTML tags as text', 1),
(253, 2, 2, 'How can you make text italic in HTML?', '<i>', '<em>', '<italic>', '<bold>', 2),
(254, 2, 2, 'Which of the following is the correct tag to define a clickable image in HTML?', '<a href=\"url\"><img src=\"image.jpg\"></a>', '<img src=\"image.jpg\" href=\"url\">', '<a><img href=\"image.jpg\" src=\"url\"></a>', '<img href=\"url\" src=\"image.jpg\">', 1),
(255, 2, 2, 'What tag is used to define a button in HTML?', '<button>', '<input>', '<link>', '<btn>', 1),
(256, 2, 2, 'How do you include a CSS file in HTML?', '<link rel=\"stylesheet\" href=\"style.css\">', '<style src=\"style.css\">', '<script src=\"style.css\"></script>', '<css href=\"style.css\">', 1),
(257, 2, 2, 'Which HTML tag is used to display a text field?', '<input type=\"text\">', '<input type=\"textfield\">', '<textinput>', '<input type=\"text-field\">', 1),
(258, 2, 2, 'What tag is used to define a dropdown list in HTML?', '<select>', '<list>', '<dropdown>', '<menu>', 1),
(259, 2, 2, 'How do you create a table in HTML?', '<table>', '<tab>', '<grid>', '<cell>', 1),
(260, 2, 2, 'What is the purpose of the <footer> tag in HTML?', 'Defines a footer for the webpage', 'Defines a sidebar for the webpage', 'Defines a header for the webpage', 'Defines a section of the webpage', 1),
(261, 2, 2, 'How do you add a background image to a webpage in HTML?', '<body style=\"background-image:url(image.jpg)\">', '<background src=\"image.jpg\">', '<body background=\"image.jpg\">', '<body img=\"image.jpg\">', 1),
(262, 2, 2, 'Which of the following is the correct tag to define a link in HTML?', '<a href=\"url\">Link</a>', '<link href=\"url\">Link</link>', '<url href=\"url\">Link</url>', '<a href=\"url\">Click Here</a>', 1),
(263, 2, 3, 'Which attribute is used to define the character encoding in HTML?', 'charset', 'encoding', 'meta', 'utf-8', 1),
(264, 2, 3, 'Which of the following tags is used to embed an external CSS stylesheet in HTML?', '<link>', '<style>', '<script>', '<css>', 1),
(265, 2, 3, 'Which tag is used to define the first-level heading in HTML?', '<h1>', '<h6>', '<heading>', '<header>', 1),
(266, 2, 3, 'Which attribute in the <a> tag is used to specify the link target?', 'target', 'href', 'link', 'src', 1),
(267, 2, 3, 'What is the correct syntax for adding an HTML5 video to a webpage?', '<video src=\"video.mp4\" controls>', '<video href=\"video.mp4\" controls>', '<movie src=\"video.mp4\" controls>', '<media src=\"video.mp4\" controls>', 1),
(268, 2, 3, 'What does the <figure> tag do in HTML?', 'Groups content such as images and captions', 'Defines an image', 'Defines a link', 'Defines a section header', 1),
(269, 2, 3, 'Which HTML tag is used to define a table body?', '<tbody>', '<table>', '<thead>', '<tfoot>', 1),
(270, 2, 3, 'Which of the following HTML elements is used to specify a navigation bar?', '<nav>', '<navbar>', '<navigation>', '<menu>', 1),
(271, 2, 3, 'Which HTML tag is used to define a division or section of a webpage?', '<div>', '<section>', '<article>', '<header>', 1),
(272, 2, 3, 'What does the <picture> element in HTML5 do?', 'Defines a responsive image container', 'Defines a video container', 'Defines an audio container', 'Defines an image element with captions', 1),
(273, 2, 3, 'Which attribute is used in the <img> tag to specify an image’s alternative text?', 'alt', 'title', 'description', 'text', 1),
(274, 2, 3, 'What is the correct HTML element for inserting an audio file?', '<audio src=\"audio.mp3\">', '<sound src=\"audio.mp3\">', '<media src=\"audio.mp3\">', '<audio href=\"audio.mp3\">', 1),
(275, 2, 3, 'Which HTML tag is used to define a dropdown list?', '<select>', '<input>', '<form>', '<list>', 1),
(276, 2, 3, 'What does the <mark> tag do in HTML?', 'Highlights text', 'Defines important text', 'Defines a hyperlink', 'Defines bold text', 1),
(277, 2, 3, 'Which tag is used to define the main content of a webpage in HTML?', '<main>', '<section>', '<content>', '<body>', 1),
(278, 2, 3, 'How do you include an external JavaScript file in HTML?', '<script src=\"file.js\"></script>', '<js src=\"file.js\"></js>', '<script href=\"file.js\"></script>', '<javascript src=\"file.js\"></javascript>', 1),
(279, 2, 3, 'Which attribute is used to define the target window for a hyperlink?', 'target', 'window', 'link', 'href', 1),
(280, 2, 3, 'Which tag is used to define a table footer in HTML?', '<tfoot>', '<tfoottag>', '<footer>', '<table-footer>', 1),
(281, 2, 3, 'What does the <output> tag do in HTML?', 'Defines the result of a calculation', 'Defines a form', 'Defines a section of content', 'Defines a button', 1),
(282, 2, 3, 'Which attribute is used to make a checkbox checked by default in HTML?', 'checked', 'default', 'selected', 'value', 1),
(283, 2, 3, 'What tag is used to define a text area in an HTML form?', '<textarea>', '<input type=\"textarea\">', '<text-area>', '<input>', 1),
(284, 2, 3, 'What does the <embed> tag do in HTML?', 'Embeds an external resource such as a plugin or media', 'Defines a video container', 'Defines an iframe container', 'Embeds a link', 1),
(285, 2, 3, 'How do you specify the width and height of an image in HTML?', 'width=\"500\" height=\"300\"', 'size=\"500x300\"', 'dimensions=\"500x300\"', 'img width=\"500\" height=\"300\"', 1),
(286, 2, 3, 'What does the <aside> tag do in HTML?', 'Defines content that is tangentially related to the main content', 'Defines a header section', 'Defines a footer section', 'Defines a section for images', 1),
(287, 2, 3, 'Which tag is used to create a form element for selecting an option in HTML?', '<select>', '<input>', '<choice>', '<dropdown>', 1),
(288, 2, 3, 'What is the correct HTML for defining a multi-line input field?', '<textarea>', '<input type=\"multi-line\">', '<textarea rows=\"4\" cols=\"50\">', '<text-area rows=\"4\" cols=\"50\">', 1),
(289, 2, 3, 'Which attribute is used to add a tooltip to an element in HTML?', 'title', 'tooltip', 'alt', 'hover', 1),
(290, 2, 3, 'Which tag is used to create a definition list in HTML?', '<dl>', '<ol>', '<ul>', '<list>', 1),
(291, 2, 3, 'What is the correct HTML for making text italic?', '<i>', '<em>', '<italic>', '<italicize>', 2),
(292, 2, 3, 'Which HTML element is used to display a table header?', '<th>', '<thead>', '<header>', '<head>', 1),
(293, 2, 3, 'What does the <wbr> tag do in HTML?', 'Inserts a word break opportunity', 'Inserts a line break', 'Inserts a paragraph break', 'Inserts a line break with a rule', 1),
(294, 2, 3, 'How can you make a webpage display in a specific language using HTML?', '<html lang=\"en\">', '<meta lang=\"en\">', '<html language=\"en\">', '<meta lang=\"en\">', 1),
(295, 2, 3, 'Which of the following is used to define an embedded video in HTML5?', '<video>', '<media>', '<embed>', '<movie>', 1),
(296, 2, 3, 'Which HTML element is used to define a section of text as a blockquote?', '<blockquote>', '<quote>', '<cite>', '<text>', 1),
(297, 2, 3, 'Which tag is used to define an ordered list in HTML?', '<ol>', '<ul>', '<list>', '<olist>', 1),
(298, 2, 3, 'What is the correct HTML tag to specify a document’s character encoding?', '<meta charset=\"UTF-8\">', '<meta encoding=\"UTF-8\">', '<meta charset=\"utf-8\">', '<meta encoding=\"utf-8\">', 1),
(299, 2, 3, 'Which HTML tag is used to define a contenteditable element?', '<div contenteditable=\"true\">', '<editable>', '<input type=\"editable\">', '<contenteditable>', 1),
(300, 2, 3, 'Which HTML tag is used to include a web font?', '<link rel=\"stylesheet\" href=\"font.css\">', '<font src=\"font.css\">', '<style src=\"font.css\">', '<link rel=\"stylesheet\" href=\"font.woff\">', 1),
(301, 2, 3, 'Which attribute is used to specify a custom tooltip on hover in HTML?', 'title', 'hover', 'tooltip', 'alt', 1),
(302, 2, 3, 'What does the <progress> tag do in HTML?', 'Displays the progress of a task', 'Defines a button for progress', 'Defines an image', 'Displays the progress in a form', 1),
(303, 2, 3, 'Which tag is used to specify a list item in an ordered list in HTML?', '<li>', '<ol>', '<ul>', '<list>', 1),
(304, 2, 3, 'Which HTML tag is used to define an interactive element for a form?', '<button>', '<input>', '<select>', '<field>', 1),
(305, 2, 3, 'How do you specify a default selected option in a <select> dropdown?', '<option selected=\"true\">', '<option selected>', '<option default>', '<option value=\"selected\">', 2),
(306, 2, 3, 'Which tag is used to define an audio element in HTML5?', '<audio>', '<media>', '<audiofile>', '<sound>', 1),
(307, 2, 3, 'Which of the following is the correct syntax for embedding a font from Google Fonts in HTML?', '<link href=\"https://fonts.googleapis.com/css2?family=Roboto\" rel=\"stylesheet\">', '<link src=\"https://fonts.googleapis.com/css2?family=Roboto\">', '<style href=\"https://fonts.googleapis.com/css2?family=Roboto\">', '<link font=\"Roboto\" href=\"https://fonts.googleapis.com/css2\">', 1),
(308, 2, 3, 'Which HTML5 tag is used to define an article section?', '<article>', '<section>', '<div>', '<content>', 1),
(309, 2, 3, 'Which attribute is used in the <form> tag to define the HTTP method for submitting form data?', 'method', 'action', 'type', 'submit', 1),
(310, 2, 3, 'What tag is used to define a metadata element for a webpage in HTML?', '<meta>', '<head>', '<link>', '<title>', 1),
(311, 2, 3, 'Which of the following elements defines a citation or reference in HTML?', '<cite>', '<ref>', '<quote>', '<reference>', 1),
(312, 2, 3, 'Which tag is used to define a scrollable area within a webpage in HTML?', '<marquee>', '<scroll>', '<div scroll>', '<overflow>', 1),
(313, 2, 3, 'How do you specify the height and width of an embedded iframe in HTML?', 'width=\"500\" height=\"300\"', 'iframe width=\"500\" height=\"300\"', 'iframe size=\"500x300\"', 'iframe style=\"width:500px;height:300px;\"', 1),
(314, 2, 3, 'What is the purpose of the <noscript> tag in HTML?', 'Defines alternative content for browsers that do not support JavaScript', 'Defines content for a script tag', 'Defines a script tag with no script', 'Defines fallback content for non-HTML tags', 1),
(315, 3, 1, 'Which of the following is used to declare a variable in PHP?', '$', 'var', 'let', 'declare', 1),
(316, 3, 1, 'Which PHP function is used to display output on the screen?', 'echo', 'print', 'write', 'output', 1),
(317, 3, 1, 'Which of the following is the correct way to define a constant in PHP?', 'define(\"CONSTANT\", value)', 'const CONSTANT = value', 'constant(\"CONSTANT\", value)', 'define(\"CONSTANT\", value, true)', 1),
(318, 3, 1, 'Which of the following is used to add a comment in PHP?', '//', '#', '/* */', 'All of the above', 4),
(319, 3, 1, 'What does PHP stand for?', 'Hypertext Preprocessor', 'Personal Home Page', 'Private Home Page', 'None of the above', 1),
(320, 3, 1, 'Which of the following is the correct syntax to check if a variable $x is an integer in PHP?', 'is_int($x)', 'is_integer($x)', 'is_numeric($x)', 'int($x)', 1),
(321, 3, 1, 'Which function is used to get the length of a string in PHP?', 'strlen()', 'count()', 'sizeof()', 'length()', 1),
(322, 3, 1, 'Which of the following is used to include a file in PHP?', 'include()', 'require()', 'include_once()', 'All of the above', 4),
(323, 3, 1, 'Which of the following is a correct way to declare an array in PHP?', '$arr = array(1, 2, 3)', '$arr = [1, 2, 3]', 'Both of the above', 'None of the above', 3),
(324, 3, 1, 'Which PHP function is used to remove whitespace from the beginning and end of a string?', 'trim()', 'strip_tags()', 'substr()', 'replace()', 1),
(325, 3, 1, 'Which operator is used for concatenation in PHP?', '.', '+', '-', '=', 1),
(326, 3, 1, 'What is the correct way to start a session in PHP?', 'session_start()', 'session_init()', 'start_session()', 'begin_session()', 1),
(327, 3, 1, 'Which function is used to read a file in PHP?', 'fopen()', 'file_get_contents()', 'read_file()', 'file_read()', 2),
(328, 3, 1, 'How do you access an element in an associative array in PHP?', '$arr[\"key\"]', '$arr.key', 'arr[key]', 'arr(\"key\")', 1),
(329, 3, 1, 'What is the default value of an uninitialized variable in PHP?', 'NULL', 'Undefined', 'Empty string', 'Zero', 1),
(330, 3, 1, 'Which function in PHP is used to check if a variable is set?', 'isset()', 'exists()', 'check()', 'defined()', 1),
(331, 3, 1, 'Which of the following is used to define a PHP class?', 'class', 'structure', 'object', 'model', 1),
(332, 3, 1, 'Which function is used to get the current date and time in PHP?', 'date()', 'time()', 'now()', 'current_time()', 1),
(333, 3, 1, 'Which operator is used to compare two values in PHP?', '==', '=', '===', 'Both 1 and 3', 4),
(334, 3, 1, 'How do you declare a global variable in PHP?', 'global $variable_name', 'public $variable_name', 'var $variable_name', 'static $variable_name', 1),
(335, 3, 1, 'Which of the following functions is used to add elements to an array in PHP?', 'array_push()', 'array_add()', 'array_insert()', 'array_append()', 1),
(336, 3, 1, 'Which of the following is a valid way to write a single-line comment in PHP?', '/* This is a comment */', '### This is a comment ###', '// This is a comment', '/* This is a comment', 3),
(337, 3, 1, 'How do you create a cookie in PHP?', 'setcookie()', 'create_cookie()', 'add_cookie()', 'cookie()', 1),
(338, 3, 1, 'Which of the following is used to terminate a PHP script?', 'exit()', 'terminate()', 'close()', 'stop()', 1),
(339, 3, 1, 'What is the result of the following expression: 5 + \"5\" in PHP?', '55', '10', 'Error', '15', 1),
(340, 3, 1, 'Which of the following PHP functions is used to find the position of the first occurrence of a substring?', 'strpos()', 'indexof()', 'find()', 'search()', 1);
INSERT INTO `questions` (`id`, `category_id`, `level_id`, `question_text`, `option_1`, `option_2`, `option_3`, `option_4`, `correct_answer`) VALUES
(341, 3, 1, 'Which PHP function is used to send a header to the browser?', 'header()', 'send_header()', 'response()', 'output_header()', 1),
(342, 3, 1, 'Which superglobal array in PHP is used to collect form data after submitting an HTML form?', '_GET', '_POST', '_REQUEST', 'All of the above', 4),
(343, 3, 1, 'How do you declare a constant in PHP?', 'define()', 'constant()', 'const()', 'set_constant()', 1),
(344, 3, 1, 'Which of the following is the correct way to check if a number is even in PHP?', '$num % 2 == 0', '$num & 2 == 0', 'is_even($num)', 'None of the above', 1),
(345, 3, 1, 'How do you display the value of a variable in PHP?', 'echo $var', 'print $var', 'var_dump($var)', 'All of the above', 4),
(346, 3, 1, 'Which PHP function is used to convert a string to lowercase?', 'strtolower()', 'to_lower()', 'lowercase()', 'strtoupper()', 1),
(347, 3, 1, 'Which function is used to remove an element from an array in PHP?', 'unset()', 'array_pop()', 'array_shift()', 'All of the above', 4),
(348, 3, 1, 'Which of the following is used to define a PHP constant?', 'define(\"CONSTANT_NAME\", value)', 'const CONSTANT_NAME = value', 'constant(\"CONSTANT_NAME\", value)', 'All of the above', 4),
(349, 3, 1, 'How do you access a session variable in PHP?', '$_SESSION', '$_SESSION[]', 'session[]', 'session_variable[]', 1),
(350, 3, 1, 'What is the correct way to define a method in PHP?', 'function methodName()', 'method methodName()', 'define methodName()', 'create function methodName()', 1),
(351, 3, 1, 'Which operator is used for comparison in PHP?', '==', '===', 'Both', 'None of the above', 3),
(352, 3, 1, 'What does the PHP function mysqli_connect() do?', 'Establishes a connection to a MySQL database', 'Closes the database connection', 'Fetches a database record', 'Executes a MySQL query', 1),
(353, 3, 1, 'Which of the following is used to include a PHP file only once?', 'include_once()', 'require_once()', 'include()', 'require()', 1),
(354, 3, 1, 'Which method is used to create an object from a class in PHP?', 'new ClassName()', 'ClassName()', 'create() ClassName()', 'instantiate ClassName()', 1),
(355, 3, 1, 'How do you initialize a session in PHP?', 'session_start()', 'start_session()', 'initialize_session()', 'session_init()', 1),
(356, 3, 1, 'Which function is used to hash a string in PHP?', 'md5()', 'hash()', 'sha256()', 'secure()', 1),
(357, 3, 1, 'Which function is used to end a session in PHP?', 'session_destroy()', 'session_end()', 'end_session()', 'session_close()', 1),
(358, 3, 1, 'Which function is used to redirect to another page in PHP?', 'header(\"Location: URL\")', 'redirect(\"URL\")', 'go_to(\"URL\")', 'move_to(\"URL\")', 1),
(359, 3, 1, 'Which method in PHP is used to handle exceptions?', 'try-catch', 'throw-catch', 'catch-throw', 'error-catch', 1),
(360, 3, 1, 'Which operator is used to access object properties in PHP?', '->', '.', '#', '::', 1),
(361, 3, 1, 'Which function is used to sort an array in PHP?', 'sort()', 'order()', 'arrange()', 'sequence()', 1),
(362, 3, 1, 'Which function is used to count the number of elements in an array in PHP?', 'count()', 'length()', 'size()', 'num()', 1),
(363, 3, 1, 'Which function in PHP is used to get the first element of an array?', 'reset()', 'first()', 'top()', 'get()', 1),
(364, 3, 1, 'Which PHP function is used to check if a file exists?', 'file_exists()', 'is_file()', 'exists()', 'is_exist()', 1),
(365, 3, 1, 'Which of the following is used to end a loop prematurely in PHP?', 'break', 'continue', 'exit', 'end', 1),
(366, 3, 2, 'Which function is used to connect to a MySQL database in PHP?', 'mysqli_connect()', 'mysql_connect()', 'pdo_connect()', 'db_connect()', 1),
(367, 3, 2, 'What does the PHP function `strlen()` do?', 'Returns the length of a string', 'Converts a string to uppercase', 'Replaces spaces in a string', 'Checks if a string is empty', 1),
(368, 3, 2, 'How do you start a session in PHP?', 'session_start()', 'session_init()', 'session_begin()', 'start_session()', 1),
(369, 3, 2, 'Which method is used to send data to the server without refreshing the page?', 'AJAX', 'GET', 'POST', 'PUT', 1),
(370, 3, 2, 'Which PHP function is used to include a file?', 'include()', 'require()', 'include_once()', 'All of the above', 4),
(371, 3, 2, 'Which one is used to retrieve a value from a query string in PHP?', '$_GET', '$_POST', '$_REQUEST', '$_COOKIE', 1),
(372, 3, 2, 'Which of the following is correct to include a file only once?', 'include_once()', 'include()', 'require_once()', 'require()', 1),
(373, 3, 2, 'What does the `$_SESSION` superglobal in PHP hold?', 'Session variables', 'Cookies', 'Database queries', 'Files', 1),
(374, 3, 2, 'How can you display an array in PHP?', 'print_r()', 'var_dump()', 'echo()', 'Both print_r() and var_dump()', 4),
(375, 3, 2, 'Which of these is a correct way to declare a variable in PHP?', '$var = 10;', 'var $var = 10;', 'let $var = 10;', 'declare $var = 10;', 1),
(376, 3, 2, 'What will `$_SERVER[\"PHP_SELF\"]` return?', 'The name of the current executing script', 'The file path', 'The current time', 'The server IP address', 1),
(377, 3, 2, 'Which PHP function is used to check if a file exists?', 'file_exists()', 'exists()', 'is_file()', 'check_file()', 1),
(378, 3, 2, 'Which of the following will display an error in PHP?', 'echo 1/0;', 'echo 1;', 'echo \"hello\";', 'echo true;', 1),
(379, 3, 2, 'How can you check if a variable is set in PHP?', 'isset()', 'check()', 'exists()', 'is_set()', 1),
(380, 3, 2, 'What is the correct way to open a file for writing in PHP?', 'fopen(\"file.txt\", \"w\")', 'fopen(\"file.txt\", \"r\")', 'fopen(\"file.txt\", \"a\")', 'fopen(\"file.txt\", \"x\")', 1),
(381, 3, 2, 'Which function is used to sort an array in PHP?', 'sort()', 'order()', 'array_sort()', 'arrange()', 1),
(382, 3, 2, 'What is the output of `echo 2 + 2;` in PHP?', '4', '22', 'error', 'undefined', 1),
(383, 3, 2, 'Which of the following is used to declare a constant in PHP?', 'define()', 'constant()', 'const()', 'declare()', 1),
(384, 3, 2, 'What does the `array_push()` function do?', 'Adds an element to the end of an array', 'Removes an element from the array', 'Sorts the array', 'Reverses the array', 1),
(385, 3, 2, 'How do you end a PHP block of code?', '?>', '</php>', '<end>', '<PHP_END>', 1),
(386, 3, 2, 'What will be the result of `3 == \"3\"` in PHP?', 'True', 'False', 'Error', 'Undefined', 1),
(387, 3, 2, 'Which function is used to delete a session variable in PHP?', 'unset()', 'delete()', 'remove()', 'session_destroy()', 1),
(388, 3, 2, 'Which of these operators is used for string concatenation in PHP?', '.', '+', '&&', '&', 1),
(389, 3, 2, 'How can you pass a variable by reference in PHP?', 'Using & symbol', 'Using @ symbol', 'Using $ symbol', 'Using * symbol', 1),
(390, 3, 2, 'What is the purpose of `$_POST` superglobal in PHP?', 'To collect form data after submitting an HTML form', 'To collect data sent via URL', 'To store session variables', 'To store user cookies', 1),
(391, 3, 2, 'Which of these functions is used to send headers to the browser in PHP?', 'header()', 'setHeader()', 'headers()', 'responseHeader()', 1),
(392, 3, 2, 'What will `$_SERVER[\"REQUEST_METHOD\"]` return?', 'The request method used to access the page', 'The URL of the request', 'The current page URL', 'The server address', 1),
(393, 3, 2, 'Which PHP function is used to escape special characters in a URL?', 'urlencode()', 'htmlspecialchars()', 'url_decode()', 'raw_urlencode()', 1),
(394, 3, 2, 'What is the default value of variables in PHP?', 'NULL', 'Undefined', '0', 'Empty string', 1),
(395, 3, 2, 'Which function is used to get the last inserted ID in a MySQL database?', 'mysqli_insert_id()', 'mysql_insert_id()', 'pdo_insert_id()', 'insert_id()', 1),
(396, 3, 2, 'What is the purpose of `parse_str()` in PHP?', 'To parse query strings into variables', 'To parse an array into a string', 'To parse HTML into PHP', 'To parse a string into JSON', 1),
(397, 3, 2, 'Which PHP function is used to start a new output buffer?', 'ob_start()', 'output_start()', 'start_output()', 'buffer_start()', 1),
(398, 3, 2, 'Which function is used to find the length of an array in PHP?', 'count()', 'length()', 'size()', 'array_length()', 1),
(399, 3, 2, 'What is the correct way to create a constant in PHP?', 'define(\"CONSTANT_NAME\", \"value\")', 'constant(\"CONSTANT_NAME\", \"value\")', 'define(\"CONSTANT_NAME\" = \"value\")', 'const(\"CONSTANT_NAME\", \"value\")', 1),
(400, 3, 2, 'What will `echo 1 + \"10\" + 5;` output in PHP?', '16', '15', '10', '105', 1),
(401, 3, 2, 'Which of the following is a valid PHP array syntax?', '$arr = array(1, 2, 3);', '$arr = [1, 2, 3];', 'Both A and B', 'None of the above', 3),
(402, 3, 2, 'Which function is used to check if a file is writable in PHP?', 'is_writable()', 'is_writeable()', 'can_write()', 'writeable()', 1),
(403, 3, 2, 'Which of the following is not a valid PHP data type?', 'Object', 'Array', 'Integer', 'Class', 4),
(404, 3, 2, 'Which of the following will escape special characters in a string for HTML?', 'htmlspecialchars()', 'urlencode()', 'base64_encode()', 'rawurlencode()', 1),
(405, 3, 2, 'Which of these functions will check if a variable is an array?', 'is_array()', 'array_check()', 'array_exists()', 'check_array()', 1),
(406, 3, 2, 'What will be the result of `empty(\"\")` in PHP?', 'True', 'False', 'Undefined', 'Error', 1),
(407, 3, 2, 'What is the output of `echo 10 * \"5\";` in PHP?', '50', '105', 'Error', 'String', 1),
(408, 3, 2, 'Which function in PHP is used to include a file only once?', 'include_once()', 'require_once()', 'include()', 'require()', 1),
(409, 3, 2, 'What will `$_SESSION[\"username\"]` return?', 'The username stored in the session', 'The value of username from GET or POST', 'An error', 'The cookie value of username', 1),
(410, 3, 2, 'Which PHP function is used to remove an element from an array?', 'unset()', 'delete()', 'remove()', 'pop()', 1),
(411, 3, 2, 'What does the PHP function `explode()` do?', 'Splits a string into an array', 'Combines an array into a string', 'Converts an array into JSON', 'Splits an array into elements', 1),
(412, 3, 2, 'How can you pass an argument by reference in PHP?', 'Using an ampersand (&)', 'Using a dollar sign ($)', 'Using the at symbol (@)', 'Using an asterisk (*)', 1),
(413, 3, 2, 'Which of these will stop script execution in PHP?', 'exit()', 'abort()', 'die()', 'Both exit() and die()', 4),
(414, 3, 2, 'What will `echo 1 + 1.2;` output?', '2.2', '2', '1.2', '3.2', 1),
(415, 3, 2, 'How do you define a constant in PHP?', 'define(\"CONSTANT\", \"value\")', 'const CONSTANT = \"value\";', 'constant(\"CONSTANT\", \"value\")', 'All of the above', 4),
(416, 3, 2, 'Which function is used to change the value of a cookie in PHP?', 'setcookie()', 'cookie()', 'change_cookie()', 'modify_cookie()', 1),
(417, 3, 2, 'What is the output of `var_dump(\"Hello\");` in PHP?', 'string(5) \"Hello\"', 'string(4) \"Hello\"', 'Error', 'string \"Hello\"', 1),
(418, 3, 2, 'What is the correct way to handle errors in PHP?', 'Using try-catch blocks', 'Using echo()', 'Using the error_log() function', 'Using var_dump()', 1),
(419, 3, 3, 'How do you send a session variable in PHP?', '$_SESSION[\"var\"]', 'session[\"var\"]', 'send_session[\"var\"]', 'session_var', 1),
(420, 3, 3, 'Which function is used to prevent SQL injection in PHP?', 'mysqli_real_escape_string()', 'escape_sql()', 'sanitize_sql()', 'sql_safe()', 1),
(421, 3, 3, 'Which function returns the number of rows affected by the last SQL query in PHP?', 'mysqli_affected_rows()', 'mysqli_num_rows()', 'mysqli_result_rows()', 'sql_rows()', 1),
(422, 3, 3, 'How do you check if a MySQL connection is successful in PHP?', 'mysqli_connect_error()', 'mysql_error()', 'mysqli_error()', 'connection_error()', 1),
(423, 3, 3, 'Which function is used to escape special characters in SQL queries in PHP?', 'mysqli_real_escape_string()', 'sql_escape()', 'escape_string()', 'sanitize()', 1),
(424, 3, 3, 'How can you retrieve a row as an associative array from a MySQL result set in PHP?', 'mysqli_fetch_assoc()', 'mysql_fetch_assoc()', 'mysqli_fetch_row()', 'mysql_fetch_array()', 1),
(425, 3, 3, 'Which of these statements would securely hash a password in PHP?', 'password_hash()', 'md5()', 'sha1()', 'crypt()', 1),
(426, 3, 3, 'How do you get the last inserted ID from a MySQL database in PHP?', 'mysqli_insert_id()', 'mysql_insert_id()', 'pdo_last_insert_id()', 'last_insert_id()', 1),
(427, 3, 3, 'What does `header(\"Location: page.php\")` do in PHP?', 'Redirects the browser to another page', 'Sets the response header', 'Returns a status code', 'Changes the page URL without redirection', 1),
(428, 3, 3, 'How do you prevent users from accessing a PHP file directly?', 'Using .htaccess', 'Using session variables', 'Using the `include()` function', 'Using cookies', 1),
(429, 3, 3, 'Which function is used to create a secure cookie in PHP?', 'setcookie()', 'create_cookie()', 'secure_cookie()', 'cookie()', 1),
(430, 3, 3, 'How do you create an object in PHP?', '$obj = new ClassName();', '$obj = create ClassName();', 'ClassName::new();', 'new $obj = ClassName();', 1),
(431, 3, 3, 'Which function is used to send an HTTP response header in PHP?', 'header()', 'response()', 'set_header()', 'send_header()', 1),
(432, 3, 3, 'How do you execute a prepared statement in PHP?', '$stmt->execute()', '$stmt->run()', '$stmt->start()', '$stmt->prepare()', 1),
(433, 3, 3, 'How do you terminate a script execution in PHP?', 'exit()', 'die()', 'break()', 'abort()', 1),
(434, 3, 3, 'Which function is used to generate a secure random string in PHP?', 'random_bytes()', 'random_string()', 'rand()', 'uniqid()', 1),
(435, 3, 3, 'How can you connect to a MySQL database using PDO in PHP?', '$pdo = new PDO(\"mysql:host=localhost;dbname=db\", \"user\", \"password\");', '$pdo = new PDO(\"mysql_connect\", \"db\", \"user\", \"password\");', '$pdo = mysql_connect(\"localhost\", \"user\", \"password\");', '$pdo = new mysqli(\"localhost\", \"user\", \"password\", \"db\");', 1),
(436, 3, 3, 'How do you check if a PHP script is being run from the command line or via a web server?', 'php_sapi_name()', 'is_cli()', 'check_cli()', 'sapi_type()', 1),
(437, 3, 3, 'What is the correct syntax for defining an abstract class in PHP?', 'abstract class ClassName { }', 'class ClassName abstract { }', 'class abstract ClassName { }', 'abstract ClassName: class { }', 1),
(438, 3, 3, 'What is the correct way to handle exceptions in PHP?', 'try-catch block', 'try-except block', 'throw-catch block', 'handle-error block', 1),
(439, 3, 3, 'How do you enable error reporting in PHP for development?', 'ini_set(\"display_errors\", 1); error_reporting(E_ALL);', 'error_reporting(\"ALL\");', 'display_errors(true);', 'set_error_handler();', 1),
(440, 3, 3, 'Which function is used to find the number of elements in an array in PHP?', 'count()', 'array_length()', 'length()', 'size()', 1),
(441, 3, 3, 'What is the function used to open a file in PHP?', 'fopen()', 'file_open()', 'open_file()', 'read_file()', 1),
(442, 3, 3, 'Which function is used to bind parameters in a PDO prepared statement?', '$stmt->bindParam()', '$stmt->bind()', '$stmt->parameter()', '$stmt->bindValue()', 1),
(443, 3, 3, 'How do you get the IP address of a client in PHP?', '$_SERVER[\"REMOTE_ADDR\"]', '$_SERVER[\"CLIENT_IP\"]', '$_SERVER[\"USER_AGENT\"]', '$_SERVER[\"IP_ADDRESS\"]', 1),
(444, 3, 3, 'What does the `__construct()` method do in PHP?', 'It is called when an object is created', 'It is used to destruct an object', 'It initializes class variables', 'It is called before a class is instantiated', 1),
(445, 3, 3, 'How do you set a session variable in PHP?', '$_SESSION[\"var\"] = value;', 'session[\"var\"] = value;', '$var = value;', 'session_var = value;', 1),
(446, 3, 3, 'Which function is used to check if a file exists in PHP?', 'file_exists()', 'exists()', 'is_file()', 'check_file()', 1),
(447, 3, 3, 'How do you check if a variable is an integer in PHP?', 'is_int()', 'is_integer()', 'is_numeric()', 'is_numeric_int()', 1),
(448, 3, 3, 'Which function is used to upload files in PHP?', 'move_uploaded_file()', 'upload_file()', 'file_upload()', 'save_file()', 1),
(449, 3, 3, 'How do you prevent code from being cached in the browser?', 'set headers with Cache-Control', 'use meta tags', 'change the file extension', 'disable cookies', 1),
(450, 3, 3, 'What does `mysqli_fetch_object()` return?', 'An object of the row', 'An associative array', 'A string', 'A numeric array', 1),
(451, 3, 3, 'How do you prevent a user from accessing a PHP page without logging in?', 'Check for session variable', 'Use cookies', 'Use HTTP headers', 'Use .htaccess', 1),
(452, 3, 3, 'Which function returns the error code from the last MySQL query in PHP?', 'mysqli_errno()', 'mysql_error()', 'pdo_error_code()', 'mysql_errno()', 1),
(453, 3, 3, 'What is the purpose of the `ob_start()` function in PHP?', 'It starts output buffering', 'It sends output to a file', 'It clears the output buffer', 'It terminates the script', 1),
(454, 3, 3, 'What is the `__destruct()` method used for in PHP?', 'It is called when an object is destroyed', 'It initializes an object', 'It handles exceptions', 'It creates an object', 1),
(455, 3, 3, 'How do you set the maximum execution time for a PHP script?', 'ini_set(\"max_execution_time\", value);', 'set_time_limit(value);', 'max_exec_time(value);', 'timeout_limit(value);', 1),
(456, 3, 3, 'How do you send a POST request using cURL in PHP?', 'curl_setopt($ch, CURLOPT_POST, true);', 'curl_setopt($ch, CURLOPT_POSTFIELDS, data);', 'curl_exec($ch);', 'All of the above', 1),
(457, 3, 3, 'Which function is used to calculate the execution time of a PHP script?', 'microtime()', 'get_time()', 'time_execution()', 'clock()', 1),
(458, 3, 3, 'How do you retrieve the HTTP response code in PHP using cURL?', 'curl_getinfo($ch, CURLINFO_HTTP_CODE);', 'curl_getinfo($ch, CURLINFO_CODE);', 'curl_error($ch);', 'curl_info($ch);', 1),
(459, 3, 3, 'How do you set up an auto-loader function for classes in PHP?', 'spl_autoload_register()', 'autoload_register()', 'class_loader()', 'autoload_function()', 1),
(460, 3, 3, 'How do you prevent form submission if a condition is not met in PHP?', 'Use JavaScript validation', 'Set form action to empty', 'Use PHP `exit()` after validation', 'Use PHP `return false` in form', 1),
(461, 3, 3, 'How do you access an element in a multidimensional array in PHP?', 'array[index1][index2]', 'array[index1, index2]', 'array[index1] -> index2', 'array[index2][index1]', 1),
(462, 3, 3, 'Which function is used to retrieve all the rows from a MySQL result in PHP?', 'mysqli_fetch_all()', 'mysql_fetch_all()', 'pdo_fetch_all()', 'get_all_rows()', 1),
(463, 3, 3, 'How do you create a permanent redirect in PHP?', 'header(\"Location: page.php\", true, 301);', 'header(\"Location: page.php\");', 'redirect(\"page.php\");', 'header(\"301: page.php\");', 1),
(464, 3, 3, 'Which function is used to calculate the current date and time in PHP?', 'date()', 'now()', 'current_date()', 'time()', 1),
(465, 3, 3, 'Which function is used to delete a file in PHP?', 'unlink()', 'remove()', 'delete()', 'file_remove()', 1),
(466, 3, 3, 'Which method is used to send a DELETE HTTP request using cURL in PHP?', 'curl_setopt($ch, CURLOPT_CUSTOMREQUEST, \"DELETE\");', 'curl_setopt($ch, CURLOPT_HTTPDELETE, true);', 'curl_exec($ch);', 'curl_setopt($ch, CURLOPT_REQUEST, \"DELETE\");', 1),
(467, 3, 3, 'How do you get the file extension of a file in PHP?', 'pathinfo()', 'file_extension()', 'get_extension()', 'extract_extension()', 1),
(468, 3, 3, 'How do you store multiple items in a session in PHP?', '$_SESSION[\"key\"] = array();', 'session_set(array());', '$_SESSION = array();', 'session_set(\"key\", array());', 1),
(469, 4, 1, 'Which of the following is used to declare a variable in Python?', 'var', 'let', 'global', 'no keyword needed', 4),
(470, 4, 1, 'What is the correct syntax for creating a function in Python?', 'def function_name():', 'function function_name()', 'create function_name()', 'func function_name()', 1),
(471, 4, 1, 'Which of these is a valid string in Python?', '\"Hello World\"', '\'Hello World\'', 'Hello World', '\'Hello World\'', 1),
(472, 4, 1, 'Which data type is used to store decimal numbers in Python?', 'float', 'int', 'double', 'decimal', 1),
(473, 4, 1, 'Which operator is used for multiplication in Python?', '*', '/', '+', '-', 1),
(474, 4, 1, 'How do you create a list in Python?', '[1, 2, 3]', 'list(1, 2, 3)', '{1, 2, 3}', '1, 2, 3', 1),
(475, 4, 1, 'Which function is used to output something in Python?', 'print()', 'output()', 'echo()', 'write()', 1),
(476, 4, 1, 'What is the correct way to create a comment in Python?', '# This is a comment', '/* This is a comment */', '// This is a comment', '-- This is a comment', 1),
(477, 4, 1, 'What will the following Python code output: print(2 + 3 * 4)?', '14', '20', '18', '12', 1),
(478, 4, 1, 'How do you declare a string variable in Python?', 's = \"Hello\"', 's = Hello', 's = \'Hello\'', 's = \"Hello\"', 1),
(479, 4, 1, 'Which of the following methods is used to add an element to a list in Python?', 'append()', 'add()', 'insert()', 'push()', 1),
(480, 4, 1, 'Which of the following data types is immutable in Python?', 'tuple', 'list', 'set', 'dictionary', 1),
(481, 4, 1, 'Which of the following methods is used to remove an item from a list in Python?', 'remove()', 'delete()', 'pop()', 'erase()', 1),
(482, 4, 1, 'Which of the following is a correct tuple definition in Python?', '(1, 2, 3)', '[1, 2, 3]', '{1, 2, 3}', '(1, 2, 3, 4, 5)', 1),
(483, 4, 1, 'How do you check the length of a list in Python?', 'len()', 'length()', 'size()', 'count()', 1),
(484, 4, 1, 'Which of the following is used for concatenating two strings in Python?', '+', '&', '.', 'add()', 1),
(485, 4, 1, 'Which keyword is used to define a class in Python?', 'class', 'def', 'function', 'object', 1),
(486, 4, 1, 'Which function is used to read input from the user in Python?', 'input()', 'read()', 'get_input()', 'scan()', 1),
(487, 4, 1, 'Which of the following is a valid dictionary in Python?', '{ \"key\": \"value\" }', '[ \"key\": \"value\" ]', '<key, value>', '(key, value)', 1),
(488, 4, 1, 'Which of the following will return True if a variable x is equal to 10 in Python?', 'x == 10', 'x = 10', 'x equals 10', 'x is 10', 1),
(489, 4, 1, 'How do you start a for loop in Python?', 'for i in range(5):', 'for i = 0; i < 5; i++:', 'for i = 0 to 5:', 'for i in 5:', 1),
(490, 4, 1, 'What is the result of 3 / 2 in Python?', '1.5', '1', '2', '3', 1),
(491, 4, 1, 'Which method is used to sort a list in Python?', 'sort()', 'order()', 'arrange()', 'list.sort()', 1),
(492, 4, 1, 'What is the correct way to access the first element of a list?', 'list[0]', 'list(0)', 'list{0}', 'list[1]', 1),
(493, 4, 1, 'Which of the following is used to check the type of a variable in Python?', 'type()', 'check()', 'isinstance()', 'variable_type()', 1),
(494, 4, 1, 'Which of the following will return True if x is greater than y in Python?', 'x > y', 'x < y', 'x >= y', 'x == y', 1),
(495, 4, 1, 'Which of the following is used to raise an exception in Python?', 'raise', 'throw', 'exception', 'error', 1),
(496, 4, 1, 'What is the correct way to define a function in Python that takes two parameters?', 'def function(a, b):', 'def function(a b):', 'function def(a, b):', 'function(a, b):', 1),
(497, 4, 1, 'What does the following code do? x = \"Hello\"; x.upper()', 'Converts the string to uppercase', 'Converts the string to lowercase', 'Reverses the string', 'Concatenates the string', 1),
(498, 4, 1, 'Which of the following is the correct syntax for importing a module in Python?', 'import module', 'include module', 'use module', 'load module', 1),
(499, 4, 1, 'What is the correct way to declare a set in Python?', '{1, 2, 3}', '[1, 2, 3]', '(1, 2, 3)', 'set(1, 2, 3)', 1),
(500, 4, 1, 'Which of the following will remove the last element from a list in Python?', 'pop()', 'remove()', 'delete()', 'shift()', 1),
(501, 4, 1, 'Which of the following is the correct way to define a lambda function in Python?', 'lambda x: x * 2', 'function lambda x: x * 2', 'x => x * 2', 'lambda(x) = x * 2', 1),
(502, 4, 1, 'Which of the following is a valid way to check for membership in a list in Python?', 'x in list', 'x of list', 'x is list', 'list.contains(x)', 1),
(503, 4, 1, 'Which of the following is used to exit from a loop in Python?', 'break', 'exit', 'stop', 'return', 1),
(504, 4, 1, 'How do you remove all elements from a list in Python?', 'list.clear()', 'list.remove()', 'del list()', 'clear(list)', 1),
(505, 4, 1, 'Which of the following is a Python function used to find the maximum value in a list?', 'max()', 'highest()', 'top()', 'largest()', 1),
(506, 4, 1, 'What will the following Python code print: print(type(10))?', '<class int>', '<int>', 'int', 'TypeError', 1),
(507, 4, 1, 'Which of the following is the correct syntax for handling exceptions in Python?', 'try-except block', 'catch-exception block', 'try-finally block', 'try-throw block', 1),
(508, 4, 1, 'What does the following code do? print(\"Hello\"[::-1])', 'Prints the string in reverse', 'Prints the first character', 'Prints the string in uppercase', 'Prints an error', 1),
(509, 4, 1, 'Which of the following methods is used to replace a substring in a string in Python?', 'replace()', 'substitute()', 'change()', 'swap()', 1),
(510, 4, 1, 'Which of the following data types can be used as a dictionary key in Python?', 'String', 'List', 'Set', 'Tuple', 1),
(511, 4, 1, 'How do you declare an empty list in Python?', '[]', '{}', '()', '<>', 1),
(512, 4, 1, 'How do you convert a string to an integer in Python?', 'int(\"10\")', 'convert(\"10\")', 'str(10)', 'to_int(\"10\")', 1),
(513, 4, 1, 'Which of the following methods is used to add a key-value pair to a dictionary in Python?', 'dictionary[key] = value', 'dict.add(key, value)', 'append(key, value)', 'dict[key] = value', 1),
(514, 4, 1, 'How do you find the type of a variable in Python?', 'type()', 'check()', 'datatype()', 'identify()', 1),
(515, 4, 1, 'Which of the following will check if a string contains only alphabetic characters in Python?', 'isalpha()', 'isdigit()', 'isalpha_numeric()', 'isalnum()', 1),
(516, 4, 1, 'What does the following code do: print([1, 2, 3] * 2)?', 'Doubles the list: [1, 2, 3, 1, 2, 3]', 'Multiplies each element by 2', 'Prints a list of six elements', 'Repeats the first element twice', 1),
(517, 4, 1, 'Which of the following is used to return the remainder of a division in Python?', '%', '/', '//', '^', 1),
(518, 4, 2, 'Which method is used to get the length of a list in Python?', 'length()', 'len()', 'size()', 'count()', 2),
(519, 4, 2, 'What will the following code output: print(type([1, 2, 3]))?', '<class list>', '<list>', 'list', 'error', 1),
(520, 4, 2, 'Which of the following is not a valid way to open a file in Python?', 'open(\"file.txt\", \"r\")', 'open(\"file.txt\", \"w\")', 'open(\"file.txt\", \"write\")', 'open(\"file.txt\", \"a\")', 3),
(521, 4, 2, 'How do you convert a string to a list of characters in Python?', 'list(\"string\")', 'str.split()', 'convert(\"string\")', 'split(\"string\")', 1),
(522, 4, 2, 'What does the following code do: x = [1, 2, 3]; x[1] = 5?', 'Replaces the second element with 5', 'Appends 5 to the list', 'Deletes the second element', 'Adds a new element at the beginning', 1),
(523, 4, 2, 'What is the correct syntax for defining a class in Python?', 'class MyClass:', 'class MyClass{}', 'class MyClass()', 'def class MyClass:', 1),
(524, 4, 2, 'Which function is used to get the maximum value in a list in Python?', 'max()', 'highest()', 'largest()', 'get_max()', 1),
(525, 4, 2, 'How can you remove a key from a dictionary in Python?', 'del dictionary[key]', 'dictionary.delete(key)', 'dictionary.remove(key)', 'remove(dictionary, key)', 1),
(526, 4, 2, 'What is the correct way to check if a file exists in Python?', 'os.path.exists()', 'os.exists()', 'file.exists()', 'path.exists()', 1),
(527, 4, 2, 'What will the following code output: print(2**3)?', '8', '6', '9', '5', 1),
(528, 4, 2, 'How do you declare a set in Python?', 'set()', '[]', '{}', '()', 3),
(529, 4, 2, 'Which of the following is used to create an empty dictionary in Python?', '{}', '[]', 'dict()', '()', 3),
(530, 4, 2, 'How do you access the last element of a list in Python?', 'list[-1]', 'list[0]', 'list[1]', 'list[last]', 1),
(531, 4, 2, 'How do you handle multiple exceptions in Python?', 'try-except-finally block', 'try-except block', 'catch-exception block', 'try-catch-finally block', 1),
(532, 4, 2, 'What will the following code output: print(\"Hello\"[::-1])?', 'olleH', 'Hello', 'Invalid syntax', 'error', 1),
(533, 4, 2, 'Which of the following is the correct way to check if a variable x is an instance of a class MyClass?', 'isinstance(x, MyClass)', 'type(x) == MyClass', 'x.instanceof(MyClass)', 'check(x, MyClass)', 1),
(534, 4, 2, 'What does the Python method split() do to a string?', 'Splits the string into a list', 'Returns a substring', 'Reverses the string', 'Concatenates the string', 1),
(535, 4, 2, 'What will the following code output: print(\"abc\".upper())?', 'ABC', 'abc', 'Abc', 'aBc', 1),
(536, 4, 2, 'How do you define a default argument in a Python function?', 'def func(arg=5):', 'def func(arg):', 'def func(arg=None):', 'def func(arg = default):', 1),
(537, 4, 2, 'Which of the following is used to catch exceptions in Python?', 'except', 'catch', 'throw', 'error', 1),
(538, 4, 2, 'What is the result of 10 // 3 in Python?', '3', '3.33', '2', '3.0', 1),
(539, 4, 2, 'Which of the following methods is used to add an element to a set in Python?', 'add()', 'insert()', 'append()', 'push()', 1),
(540, 4, 2, 'Which of the following is not a valid way to iterate through a list in Python?', 'for item in list:', 'for i in range(len(list)):', 'for item in range(list):', 'for i in list:', 3),
(541, 4, 2, 'What is the purpose of the pass statement in Python?', 'Acts as a placeholder for future code', 'Ends a loop', 'Starts a loop', 'Exit a function', 1),
(542, 4, 2, 'Which method is used to remove whitespace from the beginning and end of a string in Python?', 'strip()', 'remove()', 'trim()', 'cut()', 1),
(543, 4, 2, 'How can you generate random numbers in Python?', 'import random', 'random()', 'random.randint()', 'import generate', 1),
(544, 4, 2, 'Which of the following methods is used to find the index of an element in a list in Python?', 'index()', 'find()', 'locate()', 'search()', 1),
(545, 4, 2, 'How do you declare a variable inside a function in Python?', 'Using the assignment operator', 'Using the var keyword', 'Using the def keyword', 'Using the global keyword', 1),
(546, 4, 2, 'Which of the following is the correct syntax for defining a function with no parameters in Python?', 'def my_function():', 'def my_function()', 'function my_function()', 'my_function():', 1),
(547, 4, 2, 'How can you make a string lowercase in Python?', 'str.lower()', 'lower(str)', 'str.toLower()', 'lowercase(str)', 1),
(548, 4, 2, 'How do you handle file exceptions in Python?', 'try-except block', 'try-catch block', 'catch block', 'finally block', 1),
(549, 4, 2, 'Which of the following is not a valid dictionary method in Python?', 'get()', 'set()', 'keys()', 'items()', 2),
(550, 4, 2, 'What will the following code output: print(3 == 3 and 4 != 5)?', 'True', 'False', 'Error', 'None', 1),
(551, 4, 2, 'Which of the following is used to remove an element from a set in Python?', 'remove()', 'delete()', 'discard()', 'pop()', 1),
(552, 4, 2, 'What is the correct way to import the math module in Python?', 'import math', 'import math()', 'import math as m', 'from math import', 1),
(553, 4, 2, 'How do you combine two dictionaries in Python?', 'dict1.update(dict2)', 'dict1 + dict2', 'dict1.combine(dict2)', 'dict1.merge(dict2)', 1),
(554, 4, 2, 'Which of the following is the correct syntax to create an empty set in Python?', 'set()', '[]', '{}', '()', 1),
(555, 4, 2, 'What is the result of 10 % 3 in Python?', '1', '3', '10', '0', 1),
(556, 4, 2, 'Which Python operator is used to compare two values?', '==', '=', '>', '<', 1),
(557, 4, 2, 'How do you define a global variable inside a function in Python?', 'global variable', 'global var = value', 'def var = value', 'var = value', 1),
(558, 4, 2, 'How do you check if an object is an instance of a class in Python?', 'isinstance()', 'type()', 'class()', 'instanceof()', 1),
(559, 4, 2, 'What is the output of the following code: x = [10, 20, 30]; print(x[2])?', '30', '10', '20', 'Error', 1),
(560, 4, 2, 'What is the correct way to create a dictionary in Python?', 'my_dict = {}', 'my_dict = []', 'my_dict = ()', 'my_dict = dict()', 1),
(561, 4, 2, 'How do you find the type of an object in Python?', 'type()', 'typeof()', 'check()', 'type_of()', 1),
(562, 4, 2, 'What does the Python expression 2**3 mean?', '2 raised to the power of 3', '3 raised to the power of 2', '2 times 3', '3 times 2', 1),
(563, 4, 2, 'What does the following code do: x = [1, 2, 3]; x.insert(1, 5)?', 'Inserts 5 at index 1', 'Appends 5 to the list', 'Removes 5 from the list', 'Reverses the list', 1),
(564, 4, 2, 'How can you generate a list of numbers from 1 to 10 in Python?', 'range(1, 11)', 'list(1, 10)', 'range(10)', 'list(1, 10)', 1),
(565, 4, 3, 'What is the output of the following Python code: print(2 ** 3 ** 2)?', '64', '512', '128', '8', 2),
(566, 4, 3, 'Which of the following is true about Python’s memory management?', 'Python uses reference counting and garbage collection', 'Python uses only reference counting', 'Python uses only garbage collection', 'Python does not manage memory', 1),
(567, 4, 3, 'What is the time complexity of accessing an element from a Python list?', 'O(1)', 'O(n)', 'O(log n)', 'O(n^2)', 1),
(568, 4, 3, 'What does the Python lambda function return?', 'A function object', 'An integer', 'A string', 'A dictionary', 1),
(569, 4, 3, 'What is the purpose of the __init__ method in Python?', 'To initialize a new object', 'To initialize a new function', 'To delete a class', 'To define the class name', 1),
(570, 4, 3, 'Which of the following Python functions can be used to make a deep copy of an object?', 'copy.deepcopy()', 'copy()', 'clone()', 'copy.copy()', 1),
(571, 4, 3, 'What will the following code print? print([1, 2, 3] == [1, 2, 3])', 'True', 'False', 'Error', 'None', 1),
(572, 4, 3, 'What is the purpose of the __del__ method in Python?', 'To delete an object when it is no longer needed', 'To delete a file', 'To remove an item from a list', 'To remove an attribute', 1),
(573, 4, 3, 'What is the difference between deep copy and shallow copy in Python?', 'Deep copy creates a new copy of the original object, while shallow copy references the original object', 'Shallow copy creates a new copy of the original object, while deep copy references the original object', 'Both deep and shallow copy create independent copies', 'Both deep and shallow copy reference the original object', 1),
(574, 4, 3, 'Which function is used to compile a string in Python?', 'compile()', 'exec()', 'eval()', 'compile_str()', 1),
(575, 4, 3, 'What will the following code print? x = {1, 2, 3}; y = {3, 4, 5}; print(x & y)', '{1, 2, 3}', '{3}', '{1, 2}', '{3, 4, 5}', 2),
(576, 4, 3, 'Which of the following will raise an exception in Python?', 'x = 1 / 0', 'x = 1 + 0', 'x = \"string\" * 3', 'x = 2 * 2', 1),
(577, 4, 3, 'What is the default value of the separator parameter in Python’s print() function?', 'Whitespace', 'Tab', 'Newline', 'Empty string', 1),
(578, 4, 3, 'What is the result of the following code? print([1, 2, 3, 4][::2])', '[1, 3]', '[1, 2, 3, 4]', '[1, 2, 4]', '[2, 4]', 1),
(579, 4, 3, 'What will be the output of the following Python code? print(type(1.5))', '<class int>', '<class float>', '<class double>', '<type float>', 2),
(580, 4, 3, 'Which of the following methods can be used to create a generator in Python?', 'Using a generator expression', 'Using list comprehension', 'Using a lambda function', 'Using a recursive function', 1),
(581, 4, 3, 'What is the correct way to handle multiple exceptions in Python?', 'try-except-else block', 'try-except-finally block', 'except-try-finally block', 'try-except block', 1),
(582, 4, 3, 'How do you make a Python function return a value?', 'Using the return statement', 'Using the yield statement', 'Using the print() function', 'Using the return() function', 1),
(583, 4, 3, 'Which of the following is the correct way to create a dictionary comprehension in Python?', '{k: v for k, v in iterable}', '{k, v for k, v in iterable}', '[k: v for k, v in iterable]', '(k: v for k, v in iterable)', 1),
(584, 4, 3, 'What is the output of the following code? print((lambda x, y: x + y)(2, 3))', '5', 'Error', 'None', '2, 3', 1),
(585, 4, 3, 'Which method in Python is used to iterate over a dictionary’s keys?', 'dict.keys()', 'dict.iterkeys()', 'dict.getkeys()', 'dict.key()', 1),
(586, 4, 3, 'Which of the following is the result of this operation: {} == set()', 'True', 'False', 'SyntaxError', 'None', 1),
(587, 4, 3, 'What will be the result of the following code? x = [1, 2, 3, 4]; y = x; y[0] = 100; print(x)', '[100, 2, 3, 4]', '[1, 2, 3, 4]', 'Error', '[100, 2, 3]', 1),
(588, 4, 3, 'What is the function of the `assert` keyword in Python?', 'It is used for debugging and testing', 'It defines a function', 'It loops through a list', 'It is used for error handling', 1),
(589, 4, 3, 'What is the output of the following code: x = 10; y = 5; print(x // y)?', '2', '1', '10', '5', 1),
(590, 4, 3, 'What does the function `isinstance(x, int)` check?', 'It checks if x is an integer', 'It checks if x is a float', 'It checks if x is a string', 'It checks if x is a list', 1),
(591, 4, 3, 'What is the purpose of the `with` statement in Python?', 'It is used for resource management, like file handling', 'It handles exceptions', 'It defines a function', 'It is used for inheritance', 1),
(592, 4, 3, 'Which of the following can be used to apply a function to each element of a list in Python?', 'map()', 'filter()', 'reduce()', 'all()', 1),
(593, 4, 3, 'How can you make a function in Python run asynchronously?', 'By using the async keyword', 'By using the defer keyword', 'By using the await keyword', 'By using the yield keyword', 1),
(594, 4, 3, 'What will the following code output? x = [1, 2, 3, 4]; print(x[::3])', '[1, 4]', '[1, 2, 3, 4]', '[1, 3]', '[1, 4, 3]', 1),
(595, 4, 3, 'How do you handle both standard output and standard error in Python?', 'By using sys.stdout and sys.stderr', 'By using the logging module', 'By using print() and error()', 'By using stdout() and stderr()', 1),
(596, 4, 3, 'What is the result of this operation: set([1, 2, 3]) == set([3, 2, 1])?', 'True', 'False', 'None', 'Error', 1),
(597, 4, 3, 'Which of the following is used to stop a loop in Python?', 'break', 'exit', 'continue', 'stop', 1),
(598, 4, 3, 'What is the correct syntax for a Python decorator?', '@decorator_name', 'def decorator_name()', 'decorator_name()', 'call decorator_name()', 1),
(599, 4, 3, 'What is the correct way to define a regular expression in Python?', 'import re', 'import regex', 'import re.compile', 'import expression', 1),
(600, 4, 3, 'Which of the following functions is used to reverse a list in Python?', 'reverse()', 'reversed()', 'list.reverse()', 'list.reversed()', 1),
(601, 4, 3, 'How do you check if a string contains only digits in Python?', 'str.isdigit()', 'str.isnumeric()', 'str.isnumber()', 'str.hasdigits()', 1),
(602, 4, 3, 'What will the following code print? print([x * 2 for x in range(4)])', '[0, 2, 4, 6]', '[0, 1, 2, 3]', '[0, 1, 2, 3, 4]', '[2, 4, 6, 8]', 1),
(603, 4, 3, 'What is the use of `yield` in Python?', 'It allows a function to return an iterable sequence', 'It breaks out of a loop', 'It initializes a variable', 'It generates random numbers', 1),
(604, 4, 3, 'Which of the following is true about Python classes and inheritance?', 'A class can inherit multiple classes', 'A class can only inherit one class', 'A class cannot inherit from another class', 'Inheritance is not supported in Python', 1),
(605, 4, 3, 'Which Python function can be used to check the memory address of an object?', 'id()', 'memory()', 'address()', 'location()', 1),
(606, 4, 3, 'What will be the result of this code: `x = lambda a, b: a + b; print(x(2, 3))`?', '5', '6', 'Error', 'None', 1),
(607, 4, 3, 'What does the function `sorted()` return?', 'A new sorted list', 'The same list sorted in place', 'A list without duplicates', 'The length of the sorted list', 1),
(608, 4, 3, 'Which of the following methods is used to make a string all uppercase in Python?', 'str.upper()', 'str.uppercase()', 'str.toUpper()', 'str.capitalize()', 1),
(609, 4, 3, 'Which of the following statements about Python lists is true?', 'Lists are mutable', 'Lists are immutable', 'Lists cannot contain mixed data types', 'Lists are ordered dictionaries', 1),
(610, 4, 3, 'What is the purpose of `*args` and `**kwargs` in Python functions?', 'To accept a variable number of arguments', 'To return multiple values', 'To indicate default parameters', 'To define a recursive function', 1),
(611, 4, 3, 'What is the output of `print(type(None))` in Python?', 'NoneType', 'object', 'type', 'None', 1),
(612, 5, 1, 'What is the default value of a boolean variable in Java?', 'true', 'false', 'null', 'undefined', 2),
(613, 5, 1, 'Which of the following is the correct syntax to print a message in Java?', 'console.log(\"Hello\")', 'System.print(\"Hello\")', 'System.out.println(\"Hello\")', 'print(\"Hello\")', 3),
(614, 5, 1, 'Which method is used to find the length of an array in Java?', 'length()', 'size()', 'getLength()', 'length', 1),
(615, 5, 1, 'Which of the following is not a primitive data type in Java?', 'int', 'boolean', 'String', 'char', 3),
(616, 5, 1, 'Which of these is the default value of an integer in Java?', '0', 'null', 'false', 'undefined', 1),
(617, 5, 1, 'What is the correct way to declare a variable of type integer in Java?', 'int number;', 'integer number;', 'num int;', 'int = number;', 1),
(618, 5, 1, 'Which of these is used to declare a constant in Java?', 'final', 'static', 'const', 'immutable', 1),
(619, 5, 1, 'Which keyword is used to create a subclass in Java?', 'extends', 'inherits', 'implements', 'super', 1),
(620, 5, 1, 'What will be the result of the following code? System.out.println(10 / 3);', '3', '3.333', 'Error', '10', 1),
(621, 5, 1, 'Which of the following is the correct syntax for a Java switch statement?', 'switch(variable) { case 1: break; }', 'switch(variable) case 1: break;', 'switch (variable) { case 1 break; }', 'switch: case 1 break;', 1),
(622, 5, 1, 'Which of the following can be used to compare two string objects in Java?', '==', 'equals()', 'compare()', 'isEqual()', 2),
(623, 5, 1, 'What is the default value of an object reference variable in Java?', 'null', '0', 'undefined', 'false', 1),
(624, 5, 1, 'What is the correct syntax for a single-line comment in Java?', '/* comment */', '// comment', '# comment', '/* comment', 2),
(625, 5, 1, 'Which of these is used to define a package in Java?', 'package packageName;', 'import packageName;', 'define packageName;', 'module packageName;', 1),
(626, 5, 1, 'What does the following statement do in Java: int[] arr = new int[5];?', 'It declares an array of 5 integers', 'It initializes an array of 5 integers', 'It throws an error', 'It creates an array of 5 characters', 1),
(627, 5, 1, 'Which of the following is a method signature in Java?', 'public void method() { }', 'method() { }', 'void public method() { }', 'public void method; { }', 1),
(628, 5, 1, 'Which of the following is used to break a loop in Java?', 'continue', 'break', 'exit', 'stop', 2),
(629, 5, 1, 'Which of these is a valid constructor declaration in Java?', 'public MyClass() { }', 'void MyClass() { }', 'MyClass public() { }', 'public void MyClass() { }', 1),
(630, 5, 1, 'What is the size of a boolean variable in Java?', '1 bit', '1 byte', '4 bytes', '8 bytes', 1),
(631, 5, 1, 'Which of these is used to handle exceptions in Java?', 'try-catch', 'try-finally', 'catch-finally', 'throw-catch', 1),
(632, 5, 1, 'Which method is used to get the length of a string in Java?', 'length()', 'getLength()', 'size()', 'len()', 1),
(633, 5, 1, 'What is the default value of a double variable in Java?', '0.0', 'null', 'undefined', 'NaN', 1),
(634, 5, 1, 'Which of the following is a valid method signature for a constructor in Java?', 'public MyClass() { }', 'MyClass() { }', 'void MyClass() { }', 'private MyClass() { }', 1),
(635, 5, 1, 'Which of the following is the correct way to import a class in Java?', 'import className;', 'import package.className;', 'use className;', 'include className;', 2),
(636, 5, 1, 'What is the result of the following operation in Java: \"Hello\" + 1 + 2?', 'Hello12', 'Hello3', '12Hello', 'Error', 1),
(637, 5, 1, 'What is the return type of the main method in Java?', 'void', 'int', 'String', 'boolean', 1),
(638, 5, 1, 'Which of the following is used to create a new thread in Java?', 'Thread.start()', 'Thread.run()', 'new Thread()', 'start() method', 3),
(639, 5, 1, 'Which of the following is a valid way to declare a character in Java?', 'char c = \"A\";', 'char c = A;', 'char c = \'A\';', 'char c = \"A\";', 3),
(640, 5, 1, 'What does the following statement do in Java: String str = new String(\"Hello\");?', 'It creates a new string object', 'It prints \"Hello\"', 'It creates a reference to a string object', 'It throws an error', 1),
(641, 5, 1, 'Which of these data types can store a floating-point number in Java?', 'float', 'boolean', 'char', 'long', 1),
(642, 5, 1, 'Which of the following is true about the final keyword in Java?', 'It defines constants', 'It defines static methods', 'It defines abstract methods', 'It is used to declare an exception', 1),
(643, 5, 1, 'What is the default value of an integer variable in Java?', '0', 'null', 'undefined', 'false', 1),
(644, 5, 1, 'Which of these is a valid declaration of an array in Java?', 'int[] arr = new int[5];', 'int arr = new int[5];', 'array[] arr = new int[5];', 'int[] arr = int[5];', 1),
(645, 5, 1, 'Which of the following is the correct way to create a method in Java?', 'public void myMethod() { }', 'method void myMethod() { }', 'void myMethod() { public }', 'void public myMethod() { }', 1),
(646, 5, 1, 'Which of the following is not a valid keyword in Java?', 'void', 'public', 'private', 'print', 4),
(647, 5, 1, 'Which of the following is a valid way to declare a constant in Java?', 'final int x = 10;', 'const int x = 10;', 'int final x = 10;', 'immutable int x = 10;', 1),
(648, 5, 1, 'What is the result of the following expression: 5 + \"10\"?', '510', '15', 'Error', '10', 1),
(649, 5, 1, 'Which of the following is used to handle errors in Java?', 'try-catch', 'if-else', 'error-handling', 'throw-except', 1),
(650, 5, 1, 'What will be the output of the following code: System.out.println(5 == 5);', 'true', 'false', '5', 'Error', 1),
(651, 5, 1, 'Which of these is not a part of the Java Collection Framework?', 'TreeMap', 'HashMap', 'LinkedList', 'Array', 4),
(652, 5, 1, 'Which method is used to get the current system time in Java?', 'System.currentTimeMillis()', 'Time.getCurrent()', 'System.getTime()', 'currentTime()', 1),
(653, 5, 1, 'Which of these is the correct way to create an object in Java?', 'MyClass obj = new MyClass();', 'obj = MyClass();', 'new MyClass();', 'obj = new MyClass;', 1),
(654, 5, 2, 'Which of the following is used to create a thread in Java?', 'Thread.start()', 'new Thread()', 'Thread.run()', 'Thread.create()', 2),
(655, 5, 2, 'Which method is used to terminate a thread in Java?', 'stop()', 'exit()', 'terminate()', 'interrupt()', 1),
(656, 5, 2, 'Which of the following is the correct way to declare a constructor in Java?', 'public MyClass() { }', 'public void MyClass() { }', 'MyClass() { }', 'void MyClass() { }', 1),
(657, 5, 2, 'Which of these methods is used to find the index of a specific element in a list in Java?', 'indexOf()', 'findIndex()', 'getIndex()', 'search()', 1),
(658, 5, 2, 'Which of the following is not a valid data type in Java?', 'Integer', 'String', 'Boolean', 'doublet', 4),
(659, 5, 2, 'What is the size of an integer variable in Java?', '2 bytes', '4 bytes', '8 bytes', '1 byte', 2),
(660, 5, 2, 'Which of the following is used to handle exceptions in Java?', 'try-catch', 'try-finally', 'throw-catch', 'finally-throw', 1),
(661, 5, 2, 'Which of these is the correct way to define an abstract class in Java?', 'abstract class MyClass { }', 'abstract MyClass { }', 'class MyClass { abstract }', 'abstract MyClass();', 1),
(662, 5, 2, 'Which keyword is used to prevent inheritance of a class in Java?', 'final', 'static', 'private', 'protected', 1),
(663, 5, 2, 'Which of the following methods is used to read data from the console in Java?', 'Scanner.next()', 'Scanner.read()', 'System.in.read()', 'Console.read()', 1),
(664, 5, 2, 'What does the method `ArrayList.add()` return in Java?', 'The index of the added element', 'True if the element is added', 'Null', 'The element added', 2),
(665, 5, 2, 'Which of the following is used to compare two objects for equality in Java?', '==', 'equals()', 'compare()', 'isEqual()', 2),
(666, 5, 2, 'What will happen if you try to divide a number by 0 in Java?', 'ArithmeticException', 'NullPointerException', 'Infinity', 'DivideByZeroError', 1),
(667, 5, 2, 'Which of the following is the correct syntax to create an object in Java?', 'new MyClass();', 'MyClass obj = MyClass();', 'obj = new MyClass();', 'MyClass new obj();', 1),
(668, 5, 2, 'Which method in the Java Collection Framework is used to remove an element from a set?', 'remove()', 'delete()', 'clear()', 'pop()', 1),
(669, 5, 2, 'Which of the following is true about the HashMap class in Java?', 'It allows duplicate keys', 'It does not allow duplicate keys', 'It does not allow null values', 'It allows sorting of keys', 2),
(670, 5, 2, 'Which of these is the correct syntax for the switch statement in Java?', 'switch(variable) { case 1: break; }', 'switch case (variable) { 1 break; }', 'switch(variable) { 1 case break; }', 'switch(variable) { case 1 }', 1),
(671, 5, 2, 'Which of the following is not an access modifier in Java?', 'private', 'public', 'protected', 'accessible', 4);
INSERT INTO `questions` (`id`, `category_id`, `level_id`, `question_text`, `option_1`, `option_2`, `option_3`, `option_4`, `correct_answer`) VALUES
(672, 5, 2, 'Which method can be used to add an element at the end of a LinkedList in Java?', 'add()', 'insert()', 'append()', 'insertLast()', 1),
(673, 5, 2, 'Which method is used to check if a given collection contains a specific element in Java?', 'contains()', 'find()', 'has()', 'include()', 1),
(674, 5, 2, 'What is the purpose of the `super` keyword in Java?', 'To refer to the parent class', 'To refer to the current class', 'To refer to the object', 'To create a new instance of the class', 1),
(675, 5, 2, 'What is the output of the following Java code? System.out.println(\"3\" + 2 + 1);', '321', '6', '33', '32', 1),
(676, 5, 2, 'Which of the following methods can be used to make a string lowercase in Java?', 'toLowerCase()', 'lower()', 'convertLower()', 'str.lower()', 1),
(677, 5, 2, 'Which of the following can be used to check if an array is empty in Java?', 'array.length == 0', 'array == null', 'array.isEmpty()', 'array.isEmpty() == false', 1),
(678, 5, 2, 'What does the `Thread.sleep()` method do in Java?', 'Pauses the thread for a specified time', 'Stops the thread', 'Runs the thread in a loop', 'Resumes the thread', 1),
(679, 5, 2, 'Which of the following is a valid generic class declaration in Java?', 'public class MyClass<T> { }', 'public MyClass[] { }', 'class MyClass<T>() { }', 'class <T> MyClass { }', 1),
(680, 5, 2, 'Which of the following collections allows duplicate elements in Java?', 'List', 'Set', 'Map', 'Queue', 1),
(681, 5, 2, 'Which of these methods is used to remove an element from a list in Java?', 'remove()', 'delete()', 'clear()', 'discard()', 1),
(682, 5, 2, 'Which keyword is used to create an interface in Java?', 'interface', 'abstract', 'implements', 'interfaceClass', 1),
(683, 5, 2, 'Which of these is used to prevent changes to a variable in Java?', 'final', 'const', 'immutable', 'static', 1),
(684, 5, 2, 'What is the output of this Java code: System.out.println(2 + 3 * 4);', '14', '20', '18', '11', 1),
(685, 5, 2, 'Which of the following is not a part of the Java Collections Framework?', 'Vector', 'HashMap', 'PriorityQueue', 'ArrayList', 1),
(686, 5, 2, 'Which of the following is the correct way to declare an array of integers in Java?', 'int[] arr = {1, 2, 3};', 'int arr[] = {1, 2, 3};', 'int arr = {1, 2, 3};', 'int arr[] = new int[3];', 1),
(687, 5, 2, 'Which of the following is used to get the current time in Java?', 'System.currentTimeMillis()', 'Time.getCurrent()', 'Date.now()', 'System.currentTime()', 1),
(688, 5, 2, 'Which of the following is used to sort an array in Java?', 'Arrays.sort()', 'sort() method', 'Collections.sort()', 'arraySort()', 1),
(689, 5, 2, 'What is the purpose of the `this` keyword in Java?', 'Refers to the current object', 'Refers to the parent class', 'Refers to the constructor', 'Refers to the static variables', 1),
(690, 5, 2, 'Which of the following is used to check if a value is an instance of a specific class in Java?', 'instanceof', 'typeOf()', 'is()', 'class()', 1),
(691, 5, 2, 'What is the default value of a long variable in Java?', '0L', 'null', 'undefined', '0', 1),
(692, 5, 2, 'Which of these methods can be used to start a thread in Java?', 'start()', 'init()', 'run()', 'execute()', 1),
(693, 5, 2, 'What is the purpose of the `finally` block in a try-catch statement in Java?', 'It is executed after the try-catch block, regardless of whether an exception is thrown', 'It catches exceptions', 'It defines the method to return a value', 'It stops the execution of the program', 1),
(694, 5, 2, 'Which of the following is true about the `HashSet` class in Java?', 'It does not allow duplicate elements', 'It allows duplicate elements', 'It is sorted', 'It allows random access to elements', 1),
(695, 5, 2, 'What is the default value of a reference variable in Java?', 'null', 'undefined', '0', 'false', 1),
(696, 5, 2, 'Which of the following statements about the `String` class in Java is true?', 'String is immutable', 'String is mutable', 'String can contain primitive data types', 'String is a part of java.util package', 1),
(697, 5, 2, 'Which of the following methods in Java can be used to remove all elements from a list?', 'clear()', 'empty()', 'delete()', 'removeAll()', 1),
(698, 5, 2, 'Which of the following is true about method overloading in Java?', 'It allows multiple methods with the same name but different parameters', 'It allows multiple methods with the same name and parameters', 'It allows the inheritance of methods', 'It allows method names to be changed', 1),
(699, 5, 3, 'Which method is used to stop a thread in Java?', 'stop()', 'terminate()', 'kill()', 'interrupt()', 1),
(700, 5, 3, 'What will be the output of the following code: System.out.println(3 + 4 + \"5\");', '345', '34 5', '7 5', '74', 1),
(701, 5, 3, 'What is the default value of an instance variable in Java?', 'null', 'undefined', '0', 'false', 1),
(702, 5, 3, 'Which class is the superclass of all exceptions in Java?', 'Exception', 'Throwable', 'Error', 'RuntimeException', 2),
(703, 5, 3, 'Which method is used to create an anonymous inner class in Java?', 'new', 'class', 'interface', 'instanceof', 1),
(704, 5, 3, 'Which of these methods can be used to start a thread in Java?', 'start()', 'run()', 'init()', 'execute()', 1),
(705, 5, 3, 'Which of the following is true about the `final` keyword in Java?', 'It is used to define constants', 'It is used to create abstract methods', 'It is used to create static variables', 'It is used to create non-static variables', 1),
(706, 5, 3, 'Which of the following is true about method overloading in Java?', 'It allows methods with the same name but different parameters', 'It requires methods to have different names', 'It is not allowed in Java', 'It is used only for constructors', 1),
(707, 5, 3, 'Which of the following classes can be used to handle binary data in Java?', 'InputStream', 'Reader', 'Writer', 'OutputStream', 1),
(708, 5, 3, 'What is the purpose of the `super` keyword in Java?', 'Refers to the parent class', 'Refers to the current class', 'Refers to the method in the same class', 'Creates a new instance of a class', 1),
(709, 5, 3, 'Which method is used to synchronize a block of code in Java?', 'synchronized', 'sync', 'lock', 'monitor', 1),
(710, 5, 3, 'What is the output of the following code: System.out.println(2 * 3 + \"5\");', '65', '25', '23', 'None of the above', 1),
(711, 5, 3, 'Which of the following is true about the `HashMap` class in Java?', 'It does not allow duplicate keys', 'It allows duplicate keys', 'It allows null values and null keys', 'It does not allow null values', 1),
(712, 5, 3, 'What will be the output of the following code: System.out.println(1 + 2 + \"3\" + 4 + 5);', '12345', '15', '123 45', '34', 1),
(713, 5, 3, 'Which of the following is used to store key-value pairs in Java?', 'Map', 'List', 'Set', 'Queue', 1),
(714, 5, 3, 'Which method in the `Thread` class allows a thread to be paused for a certain amount of time in Java?', 'sleep()', 'wait()', 'pause()', 'yield()', 1),
(715, 5, 3, 'Which of the following statements is correct about exceptions in Java?', 'An exception can be caught by multiple catch blocks', 'An exception can only be caught by one catch block', 'An exception must always be rethrown', 'An exception can only be thrown, not caught', 1),
(716, 5, 3, 'Which of the following methods can be used to determine the length of a string in Java?', 'length()', 'size()', 'count()', 'sizeOf()', 1),
(717, 5, 3, 'Which class is used to represent a thread-safe collection in Java?', 'CopyOnWriteArrayList', 'HashMap', 'ArrayList', 'LinkedList', 1),
(718, 5, 3, 'What is the output of the following code: System.out.println(10 / 3);', '3', '3.33', '3.0', 'None of the above', 1),
(719, 5, 3, 'Which of the following interfaces is implemented by `ArrayList` in Java?', 'List', 'Set', 'Map', 'Queue', 1),
(720, 5, 3, 'Which method in the `Object` class is used to compare two objects in Java?', 'equals()', 'compare()', 'equalsIgnoreCase()', 'compareTo()', 1),
(721, 5, 3, 'What does the `instanceof` operator do in Java?', 'Checks whether an object is an instance of a specified class', 'Creates a new object from the specified class', 'Checks the type of a variable', 'Checks whether a variable is null', 1),
(722, 5, 3, 'Which of the following is used to make a method in Java abstract?', 'abstract', 'final', 'static', 'void', 1),
(723, 5, 3, 'Which of these classes can be used to sort a collection in Java?', 'Collections.sort()', 'Arrays.sort()', 'List.sort()', 'All of the above', 4),
(724, 5, 3, 'What is the output of the following code: System.out.println(\"Hello\" + \"World\");', 'HelloWorld', 'Hello World', 'Hello', 'World', 1),
(725, 5, 3, 'Which of the following is true about `ArrayList` in Java?', 'It can grow dynamically', 'It has a fixed size', 'It cannot store null values', 'It is not ordered', 1),
(726, 5, 3, 'Which of the following is used to define an enum in Java?', 'enum', 'class', 'interface', 'abstract', 1),
(727, 5, 3, 'What is the purpose of the `finalize()` method in Java?', 'To perform cleanup operations before an object is destroyed', 'To declare a final class', 'To declare a final method', 'To declare a final variable', 1),
(728, 5, 3, 'Which of the following is true about the `StringBuilder` class in Java?', 'It is mutable', 'It is immutable', 'It stores a single character', 'It does not have a capacity', 1),
(729, 5, 3, 'Which of the following is used to handle database connections in Java?', 'JDBC', 'Hibernate', 'JPA', 'Both A and B', 4),
(730, 5, 3, 'Which of the following methods is used to wait for a thread to finish its execution in Java?', 'join()', 'wait()', 'sleep()', 'finish()', 1),
(731, 5, 3, 'Which of the following is the correct way to create a generic method in Java?', 'public <T> void method(T arg) { }', 'public method<T>(T arg) { }', 'public void <T> method(T arg) { }', 'public method void<T>(T arg) { }', 1),
(732, 5, 3, 'What will happen if you try to access an element of an array with an index out of bounds in Java?', 'ArrayIndexOutOfBoundsException', 'NullPointerException', 'IndexOutOfRangeException', 'None of the above', 1),
(733, 5, 3, 'Which of the following is the correct syntax to define an interface in Java?', 'interface MyInterface { }', 'interface MyInterface[] { }', 'interface MyInterface() { }', 'class interface MyInterface { }', 1),
(734, 5, 3, 'Which of the following is true about method overriding in Java?', 'It allows a subclass to provide its own implementation of a method in the superclass', 'It allows a method to have multiple return types', 'It requires the method to be static', 'It is not allowed in Java', 1),
(735, 5, 3, 'What is the output of the following code: System.out.println(\"10\" + 2);', '102', '12', '2', '10', 1),
(736, 5, 3, 'Which method in the `File` class is used to delete a file in Java?', 'delete()', 'remove()', 'deleteFile()', 'unlink()', 1),
(737, 5, 3, 'Which of the following is used to acquire a lock on a thread in Java?', 'synchronized', 'lock', 'wait', 'notify', 1),
(738, 5, 3, 'Which class is used to represent a date in Java?', 'Date', 'Calendar', 'Time', 'LocalDate', 1),
(739, 5, 3, 'What is the output of the following code: System.out.println(1 + 2 + \"3\" + 4);', '1234', '6 4', '15', 'None of the above', 1),
(740, 5, 3, 'Which of the following is used to define a constant in Java?', 'final', 'constant', 'const', 'immutable', 1),
(741, 5, 3, 'Which of the following exceptions is thrown when an array index is out of range in Java?', 'ArrayIndexOutOfBoundsException', 'IndexOutOfRangeException', 'ArrayOutOfBoundsException', 'None of the above', 1),
(742, 5, 3, 'What is the output of the following code: System.out.println(10 % 3);', '1', '3', '10', 'None of the above', 1),
(743, 5, 3, 'Which of the following is the correct syntax for declaring an abstract method in Java?', 'abstract void myMethod();', 'void abstract myMethod();', 'abstract myMethod() {}', 'void myMethod();', 1);

-- --------------------------------------------------------

--
-- Table structure for table `users`
--

CREATE TABLE `users` (
  `id` int(11) NOT NULL,
  `username` varchar(100) NOT NULL,
  `password` varchar(100) NOT NULL,
  `email` varchar(100) NOT NULL
) ENGINE=InnoDB DEFAULT CHARSET=utf8mb4;

--
-- Dumping data for table `users`
--

INSERT INTO `users` (`id`, `username`, `password`, `email`) VALUES
(1, 'k', '123', 'k@gmail.com');

--
-- Indexes for dumped tables
--

--
-- Indexes for table `categories`
--
ALTER TABLE `categories`
  ADD PRIMARY KEY (`id`);

--
-- Indexes for table `levels`
--
ALTER TABLE `levels`
  ADD PRIMARY KEY (`id`);

--
-- Indexes for table `questions`
--
ALTER TABLE `questions`
  ADD PRIMARY KEY (`id`),
  ADD KEY `category_id` (`category_id`),
  ADD KEY `level_id` (`level_id`);

--
-- Indexes for table `users`
--
ALTER TABLE `users`
  ADD PRIMARY KEY (`id`);

--
-- AUTO_INCREMENT for dumped tables
--

--
-- AUTO_INCREMENT for table `categories`
--
ALTER TABLE `categories`
  MODIFY `id` int(11) NOT NULL AUTO_INCREMENT, AUTO_INCREMENT=6;

--
-- AUTO_INCREMENT for table `levels`
--
ALTER TABLE `levels`
  MODIFY `id` int(11) NOT NULL AUTO_INCREMENT, AUTO_INCREMENT=4;

--
-- AUTO_INCREMENT for table `questions`
--
ALTER TABLE `questions`
  MODIFY `id` int(11) NOT NULL AUTO_INCREMENT, AUTO_INCREMENT=744;

--
-- AUTO_INCREMENT for table `users`
--
ALTER TABLE `users`
  MODIFY `id` int(11) NOT NULL AUTO_INCREMENT, AUTO_INCREMENT=2;

--
-- Constraints for dumped tables
--

--
-- Constraints for table `questions`
--
ALTER TABLE `questions`
  ADD CONSTRAINT `questions_ibfk_1` FOREIGN KEY (`category_id`) REFERENCES `categories` (`id`),
  ADD CONSTRAINT `questions_ibfk_2` FOREIGN KEY (`level_id`) REFERENCES `levels` (`id`);
COMMIT;

/*!40101 SET CHARACTER_SET_CLIENT=@OLD_CHARACTER_SET_CLIENT */;
/*!40101 SET CHARACTER_SET_RESULTS=@OLD_CHARACTER_SET_RESULTS */;
/*!40101 SET COLLATION_CONNECTION=@OLD_COLLATION_CONNECTION */;
